Name,Lat,Long,Elevation,NZS1170SiteClass,Vs30_median,Sigmaln_Vs30,Q_Vs30,Vs30_Ref,T_median,sigmaln_T,Q_T,D_T,T_Ref,Z1.0_median,sigmaln_Z1.0,Q_Z1.0,Z1.0_Bedrock,Z1.0_Ref,Z2.5_median,sigmaln_Z2.5,Q_Z2.5,Z2.5_Ref,Reference_site,TopoT_median,Deeprock_T
027C,-39.50455346,176.8959975,14,D,230,0.0176,Q2,Stolte et al. 2021 unpublished,0.87,0.2,Q2,I,Stolte et al. 2021 unpublished,163,0.5,Q3,1,Kaiser et al. (2017) & NZVM (2021),6525,0.5,Q3,NZVM (2021),0,0,0
027G,-39.48855318,176.9189979,10,C,268,0.2,Q3,McVerry (2011),0.34,0.1,Q1,I,Stolte et al. 2022a,115,0.5,Q3,1,NZVM (2021),6625,0.5,Q3,NZVM (2021),0,0,0
039E,-40.94828199,175.6596767,108,D,314,0.2,Q3,McVerry (2011),1,0.3,Q3,I,McVerry (2011),83,0.5,Q3,1,Kaiser et al. (2017) & NZVM (2021),325,0.5,Q3,NZVM (2021),0,0,0
048D,-41.51379094,173.9571528,4,D,235,0.2,Q3,McVerry (2011),3.2,0.2,Q2,I,Wotherspoon unpublished,95,0.597,Q2,0,Stolte et al. 2021 unpublished,1175,0.3,Q3,NZVM (2021),0,0,0
051D,-41.75549051,171.5989218,5,D,300,0.2,Q3,McVerry (2011),2.8,0.2,Q2,Mw,Unpub HVSR (Van Houtte),85,0.5,Q3,1,Kaiser et al. (2017) & NZVM (2021),375,0.5,Q3,NZVM (2021),0,0,0
112B,-43.13252461,171.7693172,655,C,275,0.2805,Q3,Foster et al. (2019) & Perrin et al. (2015),0.36,0.3,Q3,I,McVerry (2011),53,0.5,Q3,1,Kaiser et al. (2017) & NZVM (2021),325,0.5,Q3,NZVM (2021),0,0,0
267A,-42.11659981,171.8604234,189,C,333,0.2,Q3,McVerry (2011),0.3,0.3,Q3,I,McVerry (2011),48,0.5,Q3,1,Kaiser et al. (2017) & NZVM (2021),325,0.5,Q3,NZVM (2021),0,0,0
465B,-41.20578622,174.9543667,14,C,600,0.2,Q3,Kaiser et al. 2017,0.1,0.3,Q3,I,Kaiser et al. 2017,15,0.1,Q2,1,Boon et al. (2010),275,0.3,Q3,NZVM (2021),0,0,0
642G,-41.234981,174.9171844,4,C,350,0.05,Q1,Cousins et al. (2006),0.35,0.2,Q2,Mu,Cousins et al. (1996),24,0.1,Q2,1,Boon et al. (2010),275,0.3,Q3,NZVM (2021),0,0,0
642H,-41.2349868,174.9171661,4,C,350,0.05,Q1,Cousins et al. (2006),0.35,0.2,Q2,Mu,Cousins et al. (1996),24,0.1,Q2,1,Boon et al. (2010),275,0.3,Q3,NZVM (2021),0,0,0
646C,-41.25628736,174.9479664,87,E,120,0.05,Q1,Kaiser & Louie (2006),1.6,0.1,Q1,Mu,Stephenson & Barker 1992,62,0.1,Q2,1,Kaiser et al. (2017),275,0.3,Q3,NZVM (2021),0,0,0
914B,-41.29498784,174.773464,16,C,282,0.1,Q2,McVerry (2011),0.49,0.2,Q2,I,Kaiser et al. 2019,41,0.1,Q2,1,Hill et al. (2021),325,0.3,Q3,NZVM (2021),0,0,0
921A,-41.27748744,174.7734641,20,C,330,0.2,Q3,McVerry (2011),0.35,0.2,Q2,I,Kaiser et al. 2019,8,0.1,Q2,1,Hill et al. (2021),325,0.3,Q3,NZVM (2021),0,0,0
935B,-41.21078622,174.9046661,5,D,223,0.2195,Q3,Foster et al. (2019) & Perrin et al. (2015),1.2,0.3,Q3,I,Boon et al. (2010),173,0.1,Q2,1,Boon et al. (2010),325,0.3,Q3,NZVM (2021),0,0,0
935C,-41.21078622,174.9046661,5,D,223,0.2195,Q3,Foster et al. (2019) & Perrin et al. (2015),1.2,0.3,Q3,I,Boon et al. (2010),173,0.1,Q2,1,Boon et al. (2010),325,0.3,Q3,NZVM (2021),0,0,0
BFZ,-40.67964728,176.2462451,405,B,800,0.2,Q3,NSHM 2021,0.04,0.1,Q1,Mw,Manea et al. 2021 unpublished,0,0.1,Q2,1,Kaiser et al. (2017),325,0.5,Q3,NZVM (2021),0,0.83,0
BKZ,-39.16566564,176.4925437,451,B,730,0.281,Q3,Foster et al. (2019) & Perrin et al. (2015),0.05,0.1,Q1,Mn,Manea et al. 2021 unpublished,0,0.1,Q1,1,Kaiser et al. (2017),1475,0.5,Q3,NZVM (2021),1,0,0
CVZ,-44.38318,171.00616,303,A,1500,0.2,Q3,NSHM 2021,0.05,0.1,Q1,I,Manea et al. 2021 unpublished,0,0.3,Q3,1,Kaiser et al. (2017),1525,0.3,Q3,NZVM (2021),0,0,0
D13C,-43.606541,172.644913,259,B,1000,0.2,Q3,NSHM 2021,0.05,0.3,Q3,Mw,NSHM (2021),15,0.3,Q3,1,NSHM (2021) ,1575,0.3,Q3,NZVM (2021),0,0.3,0
D15C,-43.584671,172.725601,5,B,763,0.1905,Q3,Foster et al. (2019) & Perrin et al. (2015),0.05,0.2,Q2,Mn,Kaiser et al. (2013),34,0.3,Q3,1,Kaiser et al. (2017) & NZVM (2021),1875,0.3,Q3,NZVM (2021),1,0,0
DCZ,-45.46471319,167.1535335,384,A,1500,0.2,Q3,NSHM 2021,0.05,0.1,Q1,Mn,Manea et al. 2021 unpublished,0,0.1,Q1,1,Kaiser et al. (2017),425,0.5,Q3,NZVM (2021),1,0,0
DSZ,-41.74496082,171.8046144,193,B,800,0.2,Q3,NSHM 2021,0.05,0.1,Q1,Mw,Manea et al. 2021 unpublished,40,0.1,Q2,1,Kaiser et al. (2017),375,0.5,Q3,NZVM (2021),0,0.33,0
EAZ,-45.2310534,169.3082534,165,B,745,0.266,Q3,Foster et al. (2019) & Perrin et al. (2015),0.05,0.1,Q1,Mw,Manea et al. 2021 unpublished,23,0.5,Q3,1,Kaiser et al. (2017) & NZVM (2021),275,0.5,Q3,NZVM (2021),1,0.14,0
EKS1,-40.671276,175.990997,20,B,622,0.3385,Q3,Foster et al. (2019) & Perrin et al. (2015),0.05,0.3,Q3,I,NSHM (2021),2,0.5,Q3,1,Kaiser et al. (2017),625,0.5,Q3,NZVM (2021),0,0.33,0
FOZ,-43.53209931,169.8154798,165,B,1000,0.2,Q3,NSHM 2021,0.05,0.1,Q1,Mw,Manea et al. 2021 unpublished,0,0.5,Q3,1,Kaiser et al. (2017),325,0.5,Q3,NZVM (2021),1,0,0
GRZ,-36.2502,175.4578,14,B,677,0.3205,Q3,Foster et al. (2019) & Perrin et al. (2015),0.05,0.1,Q1,I,Manea et al. 2021 unpublished,23,0.5,Q3,1,Kaiser et al. (2017) & NZVM (2021),1075,0.5,Q3,NZVM (2021),0,0.18,0
GVZ,-42.967365,173.03475,22,B,714,0.2695,Q3,Foster et al. (2019) & Perrin et al. (2015),0.05,0.1,Q1,I,Manea et al. 2021 unpublished,23,0.5,Q3,1,Kaiser et al. (2017) & NZVM (2021),2125,0.5,Q3,NZVM (2021),0,0,0
HAZ,-37.7561,177.7826,18,B,600,0.2,Q3,Kaiser et al. 2017,0.06,0.1,Q1,I,Manea et al. 2021 unpublished,25,0.5,Q3,1,Kaiser et al. (2017) & NZVM (2021),275,0.5,Q3,NZVM (2021),0,0,0
INZ,-42.7245,171.4441,160,A,1500,0.2,Q3,NSHM 2021,0.05,0.1,Q1,I,Manea et al. 2021 unpublished,0,0.5,Q3,1,Kaiser et al. (2017),275,0.5,Q3,NZVM (2021),1,0,0
JCZ,-44.07321036,168.7854734,595,A,1500,0.2,Q3,NSHM 2021,0.05,0.1,Q1,I,Manea et al. 2021 unpublished,0,0.1,Q2,1,Kaiser et al. (2017),325,0.5,Q3,NZVM (2021),0,0,0
KHZ,-42.41598,173.53897,115,B,600,0.2,Q3,Perrin et al. (2015),0.05,0.1,Q1,Mn,Manea et al. 2021 unpublished,35,0.3,Q3,1,Kaiser et al. (2017) & NZVM (2021),1175,0.3,Q3,NZVM (2021),0,0,0
KNZ,-39.02175522,177.6736688,178,B,800,0.2,Q3,NSHM 2021,0.05,0.1,Q1,I,Manea et al. 2021 unpublished,0,0.1,Q2,1,Kaiser et al. (2017),4725,0.5,Q3,NZVM (2021),0,0,0
KUZ,-36.74522853,175.7208729,40,B,673,0.289,Q3,Foster et al. (2019) & Perrin et al. (2015),0.05,0.1,Q1,I,Manea et al. 2021 unpublished,23,0.5,Q3,1,Kaiser et al. (2017) & NZVM (2021),325,0.5,Q3,NZVM (2021),0,0.25,0
LBZ,-44.38555284,170.1844199,2022,B,1000,0.2,Q3,NSHM 2021,0.05,0.1,Q1,I,Manea et al. 2021 unpublished,15,0.3,Q3,1,NSHM (2021) ,325,0.5,Q3,NZVM (2021),1,0,0
LTZ,-42.78166716,172.2710354,58,B,1000,0.2,Q3,NSHM 2021,0.05,0.1,Q1,Mw,Manea et al. 2021 unpublished,15,0.3,Q3,1,NSHM (2021) ,325,0.5,Q3,NZVM (2021),1,0,0
MLZ,-45.36654353,168.1184068,13,A,1500,0.2,Q3,NSHM 2021,0.05,0.2,Q2,Mn,Manea et al. 2021 unpublished,0,0.1,Q1,1,Kaiser et al. (2017),1075,0.5,Q3,NZVM (2021),1,0,0
MQZ,-43.70608168,172.6537658,454,B,750,0.2,Q3,Perrin et al. (2015),0.05,0.1,Q1,Mw,Manea et al. 2021 unpublished,23,0.3,Q3,1,Kaiser et al. (2017) & NZVM (2021),975,0.3,Q3,NZVM (2021),0,0,0
MRZ,-40.66054537,175.5785268,561,B,800,0.2,Q3,NSHM 2021,0.05,0.1,Q1,Mw,Manea et al. 2021 unpublished,0,0.1,Q1,1,Kaiser et al. (2017),225,0.5,Q3,NZVM (2021),0,0,0
MSZ,-44.67333378,167.9263986,423,A,1500,0.2,Q3,NSHM 2021,0.05,0.1,Q1,Mn,Manea et al. 2021 unpublished,0,0.1,Q1,1,Kaiser et al. (2017),325,0.5,Q3,NZVM (2021),1,0,0
MWZ,-38.3340014,177.5277793,153,B,800,0.2,Q3,NSHM 2021,0.05,0.1,Q1,Mn,Manea et al. 2021 unpublished,0,0.5,Q3,1,Kaiser et al. (2017),275,0.5,Q3,NZVM (2021),1,0,0
MXZ,-37.56225851,178.3066313,383,B,1000,0.2,Q3,NSHM 2021,0.05,0.1,Q1,Mn,Manea et al. 2021 unpublished,15,0.3,Q3,1,NSHM (2021) ,3025,0.5,Q3,NZVM (2021),1,0,0
NNZ,-41.21710266,173.3794768,35,B,1000,0.2,Q3,NSHM 2021,0.05,0.1,Q1,Mn,Manea et al. 2021 unpublished,15,0.3,Q3,1,NSHM (2021) ,325,0.5,Q3,NZVM (2021),1,0,0
ODZ,-45.04398211,170.6446222,4,B,697,0.3005,Q3,Foster et al. (2019) & Perrin et al. (2015),0.05,0.1,Q1,I,Manea et al. 2021 unpublished,23,0.5,Q3,1,Kaiser et al. (2017) & NZVM (2021),775,0.5,Q3,NZVM (2021),1,0,0
OPZ,-45.88435567,170.5977667,65,A,1500,0.2,Q3,NSHM 2021,0.05,0.1,Q1,Mn,Manea et al. 2021 unpublished,0,0.5,Q3,1,Kaiser et al. (2017),375,0.5,Q3,NZVM (2021),0,0,1
OXZ,-43.3259,172.0383,1,B,1000,0.2,Q3,NSHM 2021,0.05,0.1,Q1,Mw,Manea et al. 2021 unpublished,15,0.3,Q3,1,NSHM (2021) ,325,0.3,Q3,NZVM (2021),0,0,0
PUZ,-38.07154787,178.257209,332,B,1000,0.2,Q3,NSHM 2021,0.05,0.1,Q1,Mw,Manea et al. 2021 unpublished,0,0.5,Q3,1,Kaiser et al. (2017),1275,0.5,Q3,NZVM (2021),0,0.4,0
PWZ,-40.02968444,176.8619952,3,B,1000,0.2,Q3,NSHM 2021,0.05,0.1,Q1,I,Manea et al. 2021 unpublished,15,0.3,Q3,1,NSHM (2021) ,7575,0.5,Q3,NZVM (2021),0,0,0
PXZ,-40.03064446,176.8621452,3,B,1000,0.2,Q3,NSHM 2021,0.05,0.1,Q1,Ms,Manea et al. 2021 unpublished,15,0.3,Q3,1,NSHM (2021) ,7625,0.5,Q3,NZVM (2021),0,0.5,0
PYZ,-46.16625168,166.6806925,3,B,1000,0.2,Q3,NSHM 2021,0.05,0.1,Q1,Mu,Manea et al. 2021 unpublished,15,0.3,Q3,1,NSHM (2021) ,375,0.5,Q3,NZVM (2021),0,0.33,0
QRZ,-40.82552162,172.5291478,3,B,1000,0.2,Q3,NSHM 2021,0.05,0.1,Q1,Mn,Manea et al. 2021 unpublished,15,0.3,Q3,1,NSHM (2021) ,325,0.5,Q3,NZVM (2021),1,0,0
RCS2,-41.67229,174.07645,334,D,273,0.2615,Q3,Foster et al. (2019) & Perrin et al. (2015),1,0.3,Q3,I,Kaiser et al. 2017,50,0.3,Q3,1,Kaiser et al. (2017),1975,0.3,Q3,NZVM (2021),0,0,0
RPZ,-43.71460758,171.0538649,259,B,1000,0.2,Q3,NSHM 2021,0.05,0.1,Q1,Mn,Manea et al. 2021 unpublished,15,0.3,Q3,1,NSHM (2021) ,325,0.5,Q3,NZVM (2021),1,0,0
RTZ,-38.61544,176.980518,158,B,1000,0.2,Q3,NSHM 2021,0.05,0.1,Q1,I,Manea et al. 2021 unpublished,15,0.3,Q3,1,NSHM (2021) ,425,0.5,Q3,NZVM (2021),0,0.18,0
SYZ,-46.53689035,169.138823,4,B,800,0.2,Q3,NSHM 2021,0.05,0.1,Q1,I,Manea et al. 2021 unpublished,45,0.5,Q3,1,Kaiser et al. (2017) & NZVM (2021),575,0.5,Q3,NZVM (2021),0,0,0
TCW,-41.21036472,174.2763281,50,B,1000,0.2,Q3,NSHM 2021,0.05,0.1,Q1,I,Manea et al. 2021 unpublished,15,0.3,Q3,1,NSHM (2021) ,275,0.5,Q3,NZVM (2021),0,0.25,0
THZ,-41.76247413,172.9052183,5,B,800,0.2,Q3,NSHM 2021,0.05,0.1,Q1,Mn,Manea et al. 2021 unpublished,28,0.3,Q3,1,Kaiser et al. (2017) & NZVM (2021),275,0.3,Q3,NZVM (2021),1,0,0
TOZ,-37.73095563,175.5018468,802,B,800,0.2,Q3,NSHM 2021,0.05,0.3,Q3,I,NSHM (2021),0,0.3,Q3,1,Kaiser et al. (2017),375,0.3,Q3,NZVM (2021),0,0,0
TSZ,-40.0585531,175.9611239,335,B,800,0.2,Q3,NSHM 2021,0.05,0.3,Q3,Mw,NSHM (2021),0,0.5,Q3,1,Kaiser et al. (2017),275,0.5,Q3,NZVM (2021),0,0,0
TUZ,-45.95397485,169.6311433,4,B,745,0.266,Q3,Foster et al. (2019) & Perrin et al. (2015),0.05,0.1,Q1,Mn,Manea et al. 2021 unpublished,33,0.5,Q3,1,Kaiser et al. (2017) & NZVM (2021),325,0.5,Q3,NZVM (2021),1,0,0
URZ,-38.25924909,177.1108945,12,B,800,0.2,Q3,NSHM 2021,0.05,0.1,Q1,Mn,Manea et al. 2021 unpublished,0,0.5,Q3,1,Kaiser et al. (2017),275,0.5,Q3,NZVM (2021),1,0,0
VRZ,-39.12434088,174.7584526,223,B,673,0.289,Q3,Foster et al. (2019) & Perrin et al. (2015),0.05,0.1,Q1,Mn,Manea et al. 2021 unpublished,33,0.5,Q3,1,Kaiser et al. (2017) & NZVM (2021),1225,0.5,Q3,NZVM (2021),0,0,0
WAZ,-39.75464442,174.9855329,1427,B,690,0.2,Q3,Perrin et al. (2015),0.05,0.1,Q1,I,Manea et al. 2021 unpublished,41,0.5,Q3,1,Kaiser et al. (2017) & NZVM (2021),1525,0.5,Q3,NZVM (2021),0,0.5,1
WEL,-41.28404758,174.768184,1421,B,687,0.2705,Q3,Foster et al. (2019) & Perrin et al. (2015),0.05,0.3,Q3,Mw,NSHM (2021),0,0.1,Q2,1,Kaiser et al. (2017),325,0.5,Q3,NZVM (2021),0,0.3,0
WHZ,-45.8924279,167.9470312,4,B,734,0.281,Q3,Foster et al. (2019) & Perrin et al. (2015),0.05,0.1,Q1,Mw,Manea et al. 2021 unpublished,28,0.5,Q3,1,Kaiser et al. (2017) & NZVM (2021),725,0.5,Q3,NZVM (2021),0,0.13,0
WKZ,-44.82702135,169.017562,6,B,1000,0.2,Q3,NSHM 2021,0.05,0.1,Q1,I,Manea et al. 2021 unpublished,15,0.3,Q3,1,NSHM (2021) ,275,0.5,Q3,NZVM (2021),1,0,0
WVZ,-43.07435029,170.7367542,117,B,1000,0.2,Q3,NSHM 2021,0.05,0.1,Q1,I,Manea et al. 2021 unpublished,15,0.3,Q3,1,NSHM (2021) ,275,0.5,Q3,NZVM (2021),0,0,0
ABAZ,-36.600224,174.8323329,29,B,800,0.2,Q3,NSHM 2021,0.05,0.1,Q1,I,Manea et al. 2021 unpublished,55,0.5,Q3,1,NZVM (2021),625,0.5,Q3,NZVM (2021),0,0.2,1
AKCZ,-43.8721,172.90983,4,B,680,0.317,Q3,Foster et al. (2019) & Perrin et al. (2015),0.05,0.1,Q1,I,Manea et al. 2021 unpublished,65,0.3,Q3,1,NZVM (2021),1725,0.3,Q3,NZVM (2021),0,0,0
ALRZ,-38.5620433,176.3430141,344,B,674,0.32,Q3,Foster et al. (2019) & Perrin et al. (2015),0.047,0.1,Q1,I,Manea et al. 2021 unpublished,55,0.5,Q3,1,NZVM (2021),1025,0.5,Q3,NZVM (2021),0,0,1
AMCZ,-43.17654,172.65146,602,B,800,0.2,Q3,NSHM 2021,0.05,0.1,Q1,I,Manea et al. 2021 unpublished,65,0.3,Q3,1,NZVM (2021),2575,0.3,Q3,NZVM (2021),0,0,1
ANWZ,-40.45974293,176.4750588,129,C,567,0.355,Q3,Foster et al. (2019) & Perrin et al. (2015),0.585,0.1,Q1,I,Manea et al. 2021 unpublished,45,0.5,Q3,1,NZVM (2021),375,0.5,Q3,NZVM (2021),0,0,0
APZ,-46.83180552,167.9888255,9,A,1500,0.2,Q3,NSHM 2021,0.05,0.1,Q1,I,Manea et al. 2021 unpublished,5,0.05,Q3,1,NSHM (2021) ,875,0.5,Q3,NZVM (2021),1,0,0
ARAZ,-38.62769,176.12006,1480,C,409,0.2,Q3,NSHM 2021,0.2,0.1,Q1,I,Manea et al. 2021 unpublished,55,0.5,Q3,1,NZVM (2021),1975,0.5,Q3,NZVM (2021),0,0,1
ARCZ,-43.94705,171.17674,239,B,622,0.3385,Q3,Foster et al. (2019) & Perrin et al. (2015),0.05,0.1,Q1,I,Manea et al. 2021 unpublished,55,0.5,Q3,1,NZVM (2021),725,0.5,Q3,NZVM (2021),0,0,0
ARHZ,-39.2631,176.9959,41,C,622,0.3385,Q3,Foster et al. (2019) & Perrin et al. (2015),0.16,0.1,Q1,I,Manea et al. 2021 unpublished,75,0.5,Q3,1,NZVM (2021),6175,0.5,Q3,NZVM (2021),0,0.15,0
AWAZ,-37.06378,174.64292,334,D,462,0.3825,Q3,Foster et al. (2019) & Perrin et al. (2015),1,0.3,Q3,I,NSHM (2021),55,0.5,Q3,1,NZVM (2021),675,0.5,Q3,NZVM (2021),0,0,0
AXZ,-45.26557443,169.3312735,7,B,1000,0.2,Q3,NSHM 2021,0.05,0.1,Q1,I,Manea et al. 2021 unpublished,15,0.3,Q3,1,NSHM (2021) ,275,0.5,Q3,NZVM (2021),1,0,0
BBW,-41.71079536,173.8784509,138,C,313,0.3585,Q3,Foster et al. (2019) & Perrin et al. (2015),0.4,0.3,Q3,I,NSHM (2021),35,0.3,Q3,1,NZVM (2021),925,0.3,Q3,NZVM (2021),0,0,0
BCOF,-44.7949436,167.4694075,942,A,1500,0.2,Q3,NSHM 2021,0.05,0.1,Q1,I,Manea et al. 2021 unpublished,5,0.05,Q3,1,NSHM (2021) ,1225,0.5,Q3,NZVM (2021),0,0,0
BHHZ,-39.489284,176.0629288,537,B,800,0.2,Q3,NSHM 2021,0.05,0.1,Q1,I,Manea et al. 2021 unpublished,55,0.5,Q3,1,NZVM (2021),825,0.5,Q3,NZVM (2021),1,0,0
BHW,-41.40823068,174.8711148,291,C,346,0.383,Q3,Foster et al. (2019) & Perrin et al. (2015),0.06,0.1,Q1,I,Manea et al. 2021 unpublished,85,0.3,Q3,1,NZVM (2021),325,0.3,Q3,NZVM (2021),0,0,0
BLW,-41.36699113,175.4748727,13,B,622,0.3385,Q3,Foster et al. (2019) & Perrin et al. (2015),0.05,0.3,Q3,I,NSHM (2021),55,0.5,Q3,1,NZVM (2021),2925,0.5,Q3,NZVM (2021),0,0,0
BRAH,-43.99733906,169.0173769,18,A,1500,0.2,Q3,NSHM 2021,0.05,0.3,Q3,I,NSHM (2021),5,0.05,Q3,1,NSHM (2021) ,325,0.5,Q3,NZVM (2021),0,0,0
BRKS,-45.57481679,166.7410863,2,A,1500,0.2,Q3,NSHM 2021,0.05,0.3,Q3,I,NSHM (2021),5,0.05,Q3,1,NSHM (2021) ,525,0.5,Q3,NZVM (2021),0,0,0
BSWZ,-41.71491545,173.8757409,23,B,675,0.3475,Q3,Foster et al. (2019) & Perrin et al. (2015),0.05,0.1,Q1,I,Manea et al. 2021 unpublished,35,0.5,Q3,1,NZVM (2021),875,0.5,Q3,NZVM (2021),1,0,0
BSZ,-39.79695519,174.9313721,28,C,500,0.352,Q3,Foster et al. (2019) & Perrin et al. (2015),0.4,0.3,Q3,I,NSHM (2021),65,0.5,Q3,1,NZVM (2021),1225,0.5,Q3,NZVM (2021),0,0,0
BWZ,-44.53005586,169.8830851,3,C,294,0.353,Q3,Foster et al. (2019) & Perrin et al. (2015),0.4,0.3,Q3,I,NSHM (2021),65,0.5,Q3,1,NZVM (2021),325,0.5,Q3,NZVM (2021),0,0,0
CARD,-43.42511,171.94367,486,B,622,0.3385,Q3,Foster et al. (2019) & Perrin et al. (2015),0.05,0.3,Q3,I,NSHM (2021),15,0.3,Q3,1,NZVM (2021),325,0.3,Q3,NZVM (2021),0,0,0
CAW,-41.10719423,175.0664385,362,B,622,0.3385,Q3,Foster et al. (2019) & Perrin et al. (2015),0.05,0.1,Q1,I,Manea et al. 2021 unpublished,45,0.5,Q3,1,NZVM (2021),325,0.5,Q3,NZVM (2021),0,0.68,0
CCW,-41.74909708,174.2171551,485,B,604,0.3615,Q3,Foster et al. (2019) & Perrin et al. (2015),0.05,0.3,Q3,I,NSHM (2021),95,0.3,Q3,1,NZVM (2021),5325,0.3,Q3,NZVM (2021),0,0,0
CKHZ,-39.65818704,177.0776892,762,B,622,0.3385,Q3,Foster et al. (2019) & Perrin et al. (2015),0.05,0.1,Q1,I,Manea et al. 2021 unpublished,65,0.5,Q3,1,NZVM (2021),7125,0.5,Q3,NZVM (2021),0,0,1
CMWZ,-41.74901708,174.213825,608,B,800,0.2,Q3,NSHM 2021,0.05,0.1,Q1,I,Manea et al. 2021 unpublished,95,0.3,Q3,1,NZVM (2021),5325,0.3,Q3,NZVM (2021),0,0,0
CNGZ,-38.48371566,178.2074671,29,B,604,0.3615,Q3,Foster et al. (2019) & Perrin et al. (2015),0.05,0.1,Q1,I,Manea et al. 2021 unpublished,95,0.5,Q3,1,NZVM (2021),10275,0.5,Q3,NZVM (2021),0,0.12,0
CNZ,-39.19824421,175.547982,595,C,275,0.2805,Q3,Foster et al. (2019) & Perrin et al. (2015),0.4,0.3,Q3,I,NSHM (2021),45,0.5,Q3,1,NZVM (2021),575,0.5,Q3,NZVM (2021),0,0,0
COHF,-45.14706367,166.956243,25,A,1500,0.2,Q3,NSHM 2021,0.05,0.3,Q3,I,NSHM (2021),5,0.05,Q3,1,NSHM (2021) ,325,0.5,Q3,NZVM (2021),0,0,0
COLD,-43.6005,172.10262,48,D,493,0.238,Q3,Foster et al. (2019),5.9,0.2,Q2,I,Stolte et al. 2021,615,0.3,Q3,0,NZVM (2021),1625,0.3,Q3,NZVM (2021),0,0,0
COVZ,-39.19991423,175.5424019,569,B,674,0.32,Q3,Foster et al. (2019) & Perrin et al. (2015),0.05,0.1,Q1,I,Manea et al. 2021 unpublished,55,0.5,Q3,1,NZVM (2021),675,0.5,Q3,NZVM (2021),0,0,1
CPWZ,-40.9098,176.2016,19,B,1000,0.2,Q3,NSHM 2021,0.05,0.1,Q1,I,Manea et al. 2021 unpublished,15,0.3,Q3,1,NSHM (2021) ,8775,0.5,Q3,NZVM (2021),0,0.66,0
CRSZ,-42.14457,173.8154,3,B,1000,0.2,Q3,NSHM 2021,0.05,0.1,Q1,I,Manea et al. 2021 unpublished,15,0.3,Q3,1,NSHM (2021) ,2325,0.5,Q3,NZVM (2021),0,0.7,0
CS2F,-45.05136141,167.0748451,36,A,1500,0.2,Q3,NSHM 2021,0.05,0.3,Q3,I,NSHM (2021),5,0.05,Q3,1,NSHM (2021) ,375,0.5,Q3,NZVM (2021),0,0,0
CTND,-43.47633,172.21852,254,D,500,0.243,Q3,Foster et al. (2019),5.4,0.2,Q2,I,Stolte et al. 2021,575,0.3,Q3,0,NZVM (2021),1325,0.3,Q3,NZVM (2021),0,0,0
D04C,-43.51198,172.67323,13,D,188,0.153,Q3,Foster et al. (2019),5.2,0.2,Q2,I,Stolte et al. 2021,625,0.3,Q3,0,NZVM (2021),2325,0.3,Q3,NZVM (2021),0,0,0
D10C,-43.5324,172.632732,564,D,181,0.135,Q3,Foster et al. (2019),2.7,0.2,Q2,I,Stolte et al. 2021,555,0.3,Q3,0,NZVM (2021),2275,0.3,Q3,NZVM (2021),0,0,0
DAGG,-45.41491224,166.8417339,483,A,1500,0.2,Q3,NSHM 2021,0.05,0.3,Q3,I,NSHM (2021),5,0.05,Q3,1,NSHM (2021) ,275,0.5,Q3,NZVM (2021),0,0,0
DFE,-39.32574342,174.1038637,282,B,679,0.317,Q3,Foster et al. (2019) & Perrin et al. (2015),0.05,0.3,Q3,I,NSHM (2021),65,0.5,Q3,1,NZVM (2021),3275,0.5,Q3,NZVM (2021),0,0,0
DIW,-40.80047458,173.9221554,94,B,622,0.3385,Q3,Foster et al. (2019) & Perrin et al. (2015),0.05,0.1,Q1,I,Manea et al. 2021 unpublished,45,0.5,Q3,1,NZVM (2021),325,0.5,Q3,NZVM (2021),0,1.2,0
DKCV,-45.72383077,166.6405217,3,A,1500,0.2,Q3,NSHM 2021,0.05,0.3,Q3,I,NSHM (2021),5,0.05,Q3,1,NSHM (2021) ,675,0.5,Q3,NZVM (2021),0,0,0
DREZ,-39.18883086,174.2009555,360,D,364,0.389,Q3,Foster et al. (2019) & Perrin et al. (2015),1.5,0.3,Q3,I,Kaiser et al. 2017,75,0.5,Q3,1,NZVM (2021),1875,0.5,Q3,NZVM (2021),0,0,0
DRZ,-39.27527581,175.5635419,1129,B,1000,0.2,Q3,NSHM 2021,0.05,0.1,Q1,I,Manea et al. 2021 unpublished,15,0.3,Q3,1,NSHM (2021) ,325,0.5,Q3,NZVM (2021),0,1.15,1
DUVC,-43.74443,172.93631,327,C,561,0.3215,Q3,Foster et al. (2019) & Perrin et al. (2015),0.29,0.1,Q1,I,Manea et al. 2021 unpublished,35,0.3,Q3,1,NZVM (2021),1425,0.3,Q3,NZVM (2021),0,0,0
DUWZ,-40.80171461,173.9216454,4,B,622,0.3385,Q3,Foster et al. (2019) & Perrin et al. (2015),0.05,0.1,Q1,I,Manea et al. 2021 unpublished,45,0.5,Q3,1,NZVM (2021),325,0.5,Q3,NZVM (2021),0,1.2,0
DVHZ,-40.29885874,176.1666155,168,B,622,0.3385,Q3,Foster et al. (2019) & Perrin et al. (2015),0.05,0.1,Q1,I,Manea et al. 2021 unpublished,35,0.5,Q3,1,NZVM (2021),275,0.5,Q3,NZVM (2021),0,0,0
ECNZ,-38.63903427,176.1004908,444,C,602,0.4175,Q3,Foster et al. (2019) & Perrin et al. (2015),0.4,0.3,Q3,I,NSHM (2021),65,0.5,Q3,1,NZVM (2021),2025,0.5,Q3,NZVM (2021),0,0,0
EDRZ,-38.1065054,176.7392605,2,B,673,0.314,Q3,Foster et al. (2019) & Perrin et al. (2015),0.05,0.1,Q1,I,Manea et al. 2021 unpublished,35,0.5,Q3,1,NZVM (2021),725,0.5,Q3,NZVM (2021),0,1.1,1
ELDF,-44.9035557,167.319814,59,A,1500,0.2,Q3,NSHM 2021,0.05,0.1,Q1,I,Manea et al. 2021 unpublished,5,0.05,Q3,1,NSHM (2021) ,975,0.5,Q3,NZVM (2021),1,0,0
EPAZ,-36.875472,174.743594,70,C,569,0.442,Q3,Foster et al. (2019) & Perrin et al. (2015),0.4,0.3,Q3,I,NSHM (2021),65,0.5,Q3,1,NZVM (2021),1125,0.5,Q3,NZVM (2021),0,0,0
ESND,-43.53135,172.11419,83,D,500,0.243,Q3,Foster et al. (2019),5.7,0.2,Q2,I,Stolte et al. 2021,665,0.3,Q3,0,NZVM (2021),1475,0.3,Q3,NZVM (2021),0,0,0
ETAZ,-36.9535,174.9278,242,B,1000,0.2,Q3,NSHM 2021,0.05,0.3,Q3,I,NSHM (2021),15,0.3,Q3,1,NSHM (2021) ,825,0.5,Q3,NZVM (2021),0,0,0
ETVZ,-39.1357,175.7106,24,B,679,0.317,Q3,Foster et al. (2019) & Perrin et al. (2015),0.05,0.1,Q1,I,Manea et al. 2021 unpublished,35,0.5,Q3,1,NZVM (2021),1475,0.5,Q3,NZVM (2021),0,0.83,0
EYCZ,-43.42136,172.35544,265,D,500,0.243,Q3,Foster et al. (2019),6.2,0.1,Q1,I,Stolte et al. 2021,845,0.3,Q3,0,NZVM (2021),1725,0.3,Q3,NZVM (2021),0,0,0
FBYF,-45.30306757,166.8220402,315,A,1500,0.2,Q3,NSHM 2021,0.05,0.3,Q3,I,NSHM (2021),5,0.05,Q3,1,NSHM (2021) ,375,0.5,Q3,NZVM (2021),0,0,0
FWVZ,-39.25494537,175.5529518,76,B,657,0.358,Q3,Foster et al. (2019) & Perrin et al. (2015),0.05,0.1,Q1,I,Manea et al. 2021 unpublished,35,0.5,Q3,1,NZVM (2021),325,0.5,Q3,NZVM (2021),0,0.13,0
GCSZ,-43.31601,170.32673,300,D,271,0.2705,Q3,Foster et al. (2019) & Perrin et al. (2015),0.8,0.1,Q1,I,Manea et al. 2021 unpublished,55,0.5,Q3,1,NZVM (2021),325,0.5,Q3,NZVM (2021),0,0,0
GFW,-41.45498927,173.8306514,907,B,679,0.317,Q3,Foster et al. (2019) & Perrin et al. (2015),0.05,0.3,Q3,I,NSHM (2021),25,0.5,Q3,1,NZVM (2021),275,0.5,Q3,NZVM (2021),0,0,0
GLOS,-41.857299,173.821803,440,B,622,0.3385,Q3,Foster et al. (2019) & Perrin et al. (2015),0.05,0.3,Q3,I,NSHM (2021),55,0.5,Q3,1,NZVM (2021),1125,0.5,Q3,NZVM (2021),0,0,0
GRRZ,-38.34967,176.10993,535,B,679,0.317,Q3,Foster et al. (2019) & Perrin et al. (2015),0.05,0.3,Q3,I,NSHM (2021),35,0.5,Q3,1,NZVM (2021),2125,0.5,Q3,NZVM (2021),0,0,1
HARZ,-38.08942456,176.5021977,34,B,683,0.344,Q3,Foster et al. (2019) & Perrin et al. (2015),0.05,0.3,Q3,I,NSHM (2021),45,0.5,Q3,1,NZVM (2021),2125,0.5,Q3,NZVM (2021),0,0,0
HATZ,-38.89076924,176.0920998,198,C,612,0.3855,Q3,Foster et al. (2019) & Perrin et al. (2015),0.4,0.1,Q1,I,Manea et al. 2021 unpublished,55,0.5,Q3,1,NZVM (2021),925,0.5,Q3,NZVM (2021),0,0,0
HBAZ,-36.85013,174.73041,127,B,800,0.2,Q3,NSHM 2021,0.05,0.3,Q3,I,NSHM (2021),65,0.5,Q3,1,NZVM (2021),1175,0.5,Q3,NZVM (2021),0,0,0
HBZ,-37.59741914,178.3015211,88,B,638,0.3765,Q3,Foster et al. (2019) & Perrin et al. (2015),0.05,0.3,Q3,I,NSHM (2021),65,0.5,Q3,1,NZVM (2021),2975,0.5,Q3,NZVM (2021),0,0,0
HHSZ,-45.88435567,170.5977667,197,A,1500,0.2,Q3,NSHM 2021,0.05,0.1,Q1,I,Manea et al. 2021 unpublished,5,0.05,Q3,1,NSHM (2021) ,375,0.5,Q3,NZVM (2021),0,0,1
HIZ,-38.51292897,174.8556861,6,B,800,0.2,Q3,NSHM 2021,0.05,0.1,Q1,I,Manea et al. 2021 unpublished,45,0.5,Q3,1,NZVM (2021),475,0.5,Q3,NZVM (2021),0,0,0
HLRZ,-38.25191733,176.3521953,460,B,612,0.3855,Q3,Foster et al. (2019) & Perrin et al. (2015),0.09,0.1,Q1,I,Manea et al. 2021 unpublished,45,0.5,Q3,1,NZVM (2021),2275,0.5,Q3,NZVM (2021),0,0.5,1
HOWZ,-40.89733052,175.515085,377,B,622,0.3385,Q3,Foster et al. (2019) & Perrin et al. (2015),0.05,0.1,Q1,I,Manea et al. 2021 unpublished,45,0.5,Q3,1,NZVM (2021),275,0.5,Q3,NZVM (2021),0,0,0
HRRZ,-38.39012983,176.2837539,340,B,800,0.2,Q3,NSHM 2021,0.05,0.1,Q1,I,Manea et al. 2021 unpublished,35,0.5,Q3,1,NZVM (2021),1725,0.5,Q3,NZVM (2021),0,0.9,1
HSRZ,-38.3113,176.2449,361,B,679,0.317,Q3,Foster et al. (2019) & Perrin et al. (2015),0.05,0.1,Q1,I,Manea et al. 2021 unpublished,75,0.5,Q3,1,NZVM (2021),1725,0.5,Q3,NZVM (2021),0,0.5,1
INFR,-38.282,176.3991,82,B,679,0.317,Q3,Foster et al. (2019) & Perrin et al. (2015),0.05,0.3,Q3,I,NSHM (2021),65,0.5,Q3,1,NZVM (2021),1925,0.5,Q3,NZVM (2021),0,0,0
KAAZ,-36.82227751,174.7036106,25,B,800,0.2,Q3,NSHM 2021,0.05,0.3,Q3,I,NSHM (2021),75,0.5,Q3,1,NZVM (2021),1225,0.5,Q3,NZVM (2021),0,0,0
KAHZ,-39.79421,176.87661,21,B,604,0.3615,Q3,Foster et al. (2019) & Perrin et al. (2015),0.05,0.1,Q1,I,Manea et al. 2021 unpublished,65,0.5,Q3,1,NZVM (2021),6925,0.5,Q3,NZVM (2021),0,0.55,0
KARZ,-38.02022269,176.2442748,553,B,679,0.317,Q3,Foster et al. (2019) & Perrin et al. (2015),0.05,0.1,Q1,I,Manea et al. 2021 unpublished,55,0.5,Q3,1,NZVM (2021),1475,0.5,Q3,NZVM (2021),0,0.71,1
KATZ,-38.97490003,175.6948346,485,B,679,0.317,Q3,Foster et al. (2019) & Perrin et al. (2015),0.05,0.1,Q1,I,Manea et al. 2021 unpublished,45,0.5,Q3,1,NZVM (2021),1775,0.5,Q3,NZVM (2021),0,0.76,0
KAVZ,-39.09574235,175.6459836,110,B,603,0.3825,Q3,Foster et al. (2019) & Perrin et al. (2015),0.05,0.3,Q3,I,NSHM (2021),35,0.5,Q3,1,NZVM (2021),1075,0.5,Q3,NZVM (2021),0,0,0
KBAZ,-37.09468272,174.8885518,54,C,428,0.392,Q3,Foster et al. (2019) & Perrin et al. (2015),0.4,0.3,Q3,I,NSHM (2021),65,0.5,Q3,1,NZVM (2021),775,0.5,Q3,NZVM (2021),0,0,0
KHEZ,-39.2942,174.0145,952,B,636,0.3755,Q3,Foster et al. (2019) & Perrin et al. (2015),0.05,0.1,Q1,I,Manea et al. 2021 unpublished,45,0.5,Q3,1,NZVM (2021),2125,0.5,Q3,NZVM (2021),0,0,0
KIW,-40.8608783,174.9097275,284,B,622,0.3385,Q3,Foster et al. (2019) & Perrin et al. (2015),0.05,0.1,Q1,I,Manea et al. 2021 unpublished,35,0.5,Q3,1,NZVM (2021),225,0.5,Q3,NZVM (2021),0,1.8,0
KMRZ,-37.8456,175.9416,357,C,467,0.2,Q3,NSHM 2021,0.132,0.1,Q1,I,Manea et al. 2021 unpublished,55,0.5,Q3,1,NZVM (2021),1425,0.5,Q3,NZVM (2021),0,0,0
KQ01,-38.05468,176.74937,297,D,246,0.25,Q3,Foster et al. (2019) & Perrin et al. (2015),0.67,0.1,Q1,I,Manea et al. 2021 unpublished,75,0.5,Q3,1,NZVM (2021),375,0.5,Q3,NZVM (2021),0,0,0
KQ02,-38.0762,176.73998,448,C,244,0.249,Q3,Foster et al. (2019) & Perrin et al. (2015),0.57,0.1,Q1,I,Manea et al. 2021 unpublished,75,0.5,Q3,1,NZVM (2021),375,0.5,Q3,NZVM (2021),0,0,0
KQ03,-38.05252,176.77281,5,B,589,0.4175,Q3,Foster et al. (2019) & Perrin et al. (2015),0.05,0.1,Q1,I,Manea et al. 2021 unpublished,65,0.5,Q3,1,NZVM (2021),475,0.5,Q3,NZVM (2021),0,0.9,1
KQ04,-38.04035,176.72218,50,B,588,0.4155,Q3,Foster et al. (2019) & Perrin et al. (2015),0.05,0.1,Q1,I,Manea et al. 2021 unpublished,65,0.5,Q3,1,NZVM (2021),325,0.5,Q3,NZVM (2021),0,0,0
KQ05,-38.036,176.75506,517,D,247,0.2505,Q3,Foster et al. (2019) & Perrin et al. (2015),0.72,0.1,Q1,I,Manea et al. 2021 unpublished,75,0.5,Q3,1,NZVM (2021),375,0.5,Q3,NZVM (2021),0,0,0
KRHZ,-39.64315521,176.3701205,814,B,622,0.3385,Q3,Foster et al. (2019) & Perrin et al. (2015),0.05,0.1,Q1,I,Manea et al. 2021 unpublished,55,0.5,Q3,1,NZVM (2021),2025,0.5,Q3,NZVM (2021),1,0,0
KRVZ,-39.09444232,175.6412035,45,B,603,0.3825,Q3,Foster et al. (2019) & Perrin et al. (2015),0.05,0.1,Q1,I,Manea et al. 2021 unpublished,35,0.5,Q3,1,NZVM (2021),1075,0.5,Q3,NZVM (2021),0,0.63,1
KUTZ,-38.4891,175.8233,1099,B,674,0.32,Q3,Foster et al. (2019) & Perrin et al. (2015),0.05,0.1,Q1,I,Manea et al. 2021 unpublished,45,0.5,Q3,1,NZVM (2021),1625,0.5,Q3,NZVM (2021),0,0.25,1
KVSD,-43.58537,172.27766,1099,D,500,0.243,Q3,Foster et al. (2019),6,0.2,Q2,I,Stolte et al. 2021,455,0.3,Q3,0,NZVM (2021),1375,0.3,Q3,NZVM (2021),0,0,0
KWHZ,-39.424,176.4228,37,B,800,0.2,Q3,NSHM 2021,0.05,0.1,Q1,I,Manea et al. 2021 unpublished,55,0.5,Q3,1,NZVM (2021),1225,0.5,Q3,NZVM (2021),0,0.22,0
LFRZ,-45.9164967,166.5146537,12,A,1500,0.2,Q3,NSHM 2021,0.05,0.3,Q3,I,NSHM (2021),5,0.05,Q3,1,NSHM (2021) ,675,0.5,Q3,NZVM (2021),0,0,0
LIRZ,-38.00357,176.38523,95,C,590,0.4185,Q3,Foster et al. (2019) & Perrin et al. (2015),0.25,0.1,Q1,I,Manea et al. 2021 unpublished,55,0.5,Q3,1,NZVM (2021),1325,0.5,Q3,NZVM (2021),0,0,1
LMZ,-43.71503243,169.2695818,24,B,800,0.2,Q3,NSHM 2021,0.05,0.3,Q3,I,NSHM (2021),65,0.5,Q3,1,NZVM (2021),375,0.5,Q3,NZVM (2021),0,0,0
LNSD,-43.66183,172.48698,140,D,236,0.26,Q3,Foster et al. (2019),5.2,0.2,Q2,I,Stolte et al. 2021,215,0.3,Q3,0,NZVM (2021),1575,0.3,Q3,NZVM (2021),0,0,0
LPDS,-43.6062917,172.7098333,568,C,362,0.296,Q3,Foster et al. (2019) & Perrin et al. (2015),0.4,0.3,Q3,I,NSHM (2021),15,0.3,Q3,1,NZVM (2021),1325,0.3,Q3,NZVM (2021),0,0,0
LREZ,-39.4602,174.4027,2,C,458,0.359,Q3,Foster et al. (2019) & Perrin et al. (2015),0.44,0.1,Q1,I,Manea et al. 2021 unpublished,65,0.5,Q3,1,NZVM (2021),1825,0.5,Q3,NZVM (2021),0,0,1
LSTC,-45.98458807,166.7801168,19,A,1500,0.2,Q3,NSHM 2021,0.05,0.3,Q3,I,NSHM (2021),5,0.05,Q3,1,NSHM (2021) ,375,0.5,Q3,NZVM (2021),0,0,0
MARZ,-37.98492296,176.6747001,88,B,679,0.317,Q3,Foster et al. (2019) & Perrin et al. (2015),0.05,0.1,Q1,I,Manea et al. 2021 unpublished,35,0.5,Q3,1,NZVM (2021),1075,0.5,Q3,NZVM (2021),0,0.36,0
MASH,-44.09124196,169.1567781,1,C,424,0.364,Q3,Foster et al. (2019) & Perrin et al. (2015),0.4,0.3,Q3,I,NSHM (2021),35,0.5,Q3,1,NZVM (2021),275,0.5,Q3,NZVM (2021),0,0,0
MATA,-36.30018857,174.6723821,295,B,625,0.3655,Q3,Foster et al. (2019) & Perrin et al. (2015),0.05,0.3,Q3,I,NSHM (2021),55,0.5,Q3,1,NZVM (2021),1125,0.5,Q3,NZVM (2021),0,0,0
MAVZ,-39.2679133,175.5616533,3,B,675,0.3475,Q3,Foster et al. (2019) & Perrin et al. (2015),0.05,0.1,Q1,I,Manea et al. 2021 unpublished,35,0.5,Q3,1,NZVM (2021),325,0.5,Q3,NZVM (2021),0,0,0
MBAZ,-36.768787,174.897918,437,B,1000,0.2,Q3,NSHM 2021,0.05,0.3,Q3,I,NSHM (2021),15,0.3,Q3,1,NSHM (2021) ,625,0.5,Q3,NZVM (2021),0,0,0
MCHD,-43.658,171.99167,19,D,500,0.243,Q3,Foster et al. (2019),6.2,0.2,Q2,I,Stolte et al. 2021,715,0.3,Q3,0,NZVM (2021),2025,0.3,Q3,NZVM (2021),0,0,0
MCHZ,-39.4441849,176.6966675,66,C,617,0.337,Q3,Foster et al. (2019) & Perrin et al. (2015),0.125,0.1,Q1,I,Manea et al. 2021 unpublished,75,0.5,Q3,1,NZVM (2021),5825,0.5,Q3,NZVM (2021),0,0,0
MGZ,-39.00024019,175.5389826,36,B,683,0.344,Q3,Foster et al. (2019) & Perrin et al. (2015),0.05,0.3,Q3,I,NSHM (2021),35,0.5,Q3,1,NZVM (2021),1125,0.5,Q3,NZVM (2021),0,0,0
MHCZ,-43.53165,171.56788,166,C,423,0.528,Q3,Foster et al. (2019),0.125,0.1,Q1,I,Manea et al. 2021 unpublished,35,0.5,Q3,1,NZVM (2021),925,0.5,Q3,NZVM (2021),0,0,0
MHEZ,-39.07604887,174.3230474,11,B,1000,0.2,Q4,NSHM 2021,0.05,0.1,Q1,I,Manea et al. 2021 unpublished,15,0.3,Q3,1,NSHM (2021) ,1675,0.5,Q3,NZVM (2021),0,0,0
MHGZ,-39.15255834,177.9070012,503,B,1000,0.2,Q1,NSHM 2021,0.05,0.1,Q1,I,Manea et al. 2021 unpublished,15,0.3,Q3,1,NSHM (2021) ,9525,0.5,Q3,NZVM (2021),0,0,0
MKAZ,-37.10413,175.16117,1560,B,800,0.2,Q2,NSHM 2021,0.05,0.1,Q1,I,Manea et al. 2021 unpublished,55,0.5,Q3,1,NZVM (2021),375,0.5,Q3,NZVM (2021),1,0,0
MKRZ,-38.13843541,176.4671571,96,B,679,0.317,Q3,Foster et al. (2019) & Perrin et al. (2015),0.05,0.3,Q3,I,NSHM (2021),55,0.5,Q3,1,NZVM (2021),2525,0.5,Q3,NZVM (2021),0,0.33,1
MKYD,-43.7407,172.34659,8,D,326,0.203,Q3,Foster et al. (2019),5.4,0.2,Q2,I,Stolte et al. 2021,315,0.3,Q3,0,NZVM (2021),2275,0.3,Q3,NZVM (2021),0,0,0
MNSD,-43.48312,172.45871,46,D,500,0.203,Q3,Foster et al. (2019),6.4,0.2,Q2,I,Stolte et al. 2021,875,0.3,Q3,0,NZVM (2021),1625,0.3,Q3,NZVM (2021),0,0,0
MOVZ,-39.40674894,175.7528437,797,B,679,0.317,Q3,Foster et al. (2019) & Perrin et al. (2015),0.05,0.1,Q1,I,Manea et al. 2021 unpublished,55,0.5,Q3,1,NZVM (2021),325,0.5,Q3,NZVM (2021),1,0,0
MOW,-41.41999184,175.2521696,386,B,622,0.3385,Q3,Foster et al. (2019) & Perrin et al. (2015),0.05,0.3,Q3,I,NSHM (2021),65,0.5,Q3,1,NZVM (2021),1625,0.5,Q3,NZVM (2021),0,0,0
MOZ,-38.50402867,174.8031755,386,B,800,0.2,Q2,NSHM 2021,0.05,0.1,Q1,I,Manea et al. 2021 unpublished,45,0.5,Q3,1,NZVM (2021),375,0.5,Q3,NZVM (2021),0,0,0
MRHZ,-38.8337,176.4173,6,C,560,0.4565,Q3,Foster et al. (2019) & Perrin et al. (2015),0.29,0.1,Q1,I,Manea et al. 2021 unpublished,65,0.5,Q3,1,NZVM (2021),725,0.5,Q3,NZVM (2021),0,0,0
MRNZ,-41.39903,172.75766,339,D,622,0.3385,Q3,Foster et al. (2019) & Perrin et al. (2015),0.69,0.2,Q2,I,Manea et al. 2021 unpublished,165,0.3,Q3,1,NZVM (2021),3275,0.3,Q3,NZVM (2021),0,0,0
MRW,-41.22952617,174.6998434,228,B,622,0.3385,Q3,Foster et al. (2019) & Perrin et al. (2015),0.05,0.1,Q1,I,Manea et al. 2021 unpublished,35,0.5,Q3,1,NZVM (2021),275,0.5,Q3,NZVM (2021),1,0,0
MSHC,-43.461895,172.648002,4,D,189,0.157,Q3,Foster et al. (2019),6.3,0.1,Q1,I,Manea et al. 2021 unpublished,705,0.3,Q3,0,NZVM (2021),3175,0.3,Q3,NZVM (2021),0,0,0
MSWZ,-41.41583174,175.2494596,56,B,625,0.3655,Q3,Foster et al. (2019) & Perrin et al. (2015),0.05,0.1,Q1,I,Manea et al. 2021 unpublished,45,0.5,Q3,1,NZVM (2021),1625,0.5,Q3,NZVM (2021),0,0,0
MTAZ,-36.78649,174.9056,40,C,428,0.392,Q3,Foster et al. (2019) & Perrin et al. (2015),0.117647059,0.1,Q1,I,Manea et al. 2021 unpublished,65,0.5,Q3,1,NZVM (2021),625,0.5,Q3,NZVM (2021),0,0,0
MTVZ,-39.38460784,175.4704103,212,D,549,0.3735,Q3,Foster et al. (2019) & Perrin et al. (2015),2.8,0.2,Q2,I,Manea et al. 2021 unpublished,45,0.5,Q3,1,NZVM (2021),325,0.5,Q3,NZVM (2021),0,0,0
MTW,-41.15792639,175.5015738,300,B,622,0.3385,Q3,Foster et al. (2019) & Perrin et al. (2015),0.05,0.1,Q1,I,Manea et al. 2021 unpublished,45,0.5,Q3,1,NZVM (2021),1725,0.5,Q3,NZVM (2021),0,0,0
MUGZ,-38.4771,176.7705,20,C,354,0.3005,Q3,Foster et al. (2019) & Perrin et al. (2015),0.28,0.1,Q1,I,Manea et al. 2021 unpublished,55,0.5,Q3,1,NZVM (2021),875,0.5,Q3,NZVM (2021),0,0,0
MYRZ,-37.28020909,176.2409973,211,B,679,0.317,Q3,Foster et al. (2019) & Perrin et al. (2015),0.05,0.1,Q1,I,Manea et al. 2021 unpublished,35,0.5,Q3,1,NZVM (2021),725,0.5,Q3,NZVM (2021),0,1.4,1
NBEZ,-39.26795,173.8676,943,C,363,0.392,Q3,Foster et al. (2019) & Perrin et al. (2015),0.2,0.1,Q1,I,Manea et al. 2021 unpublished,65,0.5,Q3,1,NZVM (2021),1975,0.5,Q3,NZVM (2021),0,0,1
NEZ,-39.270466,174.096096,1003,D,357,0.355,Q3,Foster et al. (2019) & Perrin et al. (2015),0.68,0.1,Q1,I,Manea et al. 2021 unpublished,65,0.5,Q3,1,NZVM (2021),3025,0.5,Q3,NZVM (2021),0,0,0
NGA1,-39.15970358,175.616893,1032,B,657,0.358,Q3,Foster et al. (2019) & Perrin et al. (2015),0.05,0.1,Q1,I,Manea et al. 2021 unpublished,45,0.5,Q3,1,NZVM (2021),925,0.5,Q3,NZVM (2021),0,0,1
NGA3,-39.14786,175.64043,5,B,636,0.3755,Q3,Foster et al. (2019) & Perrin et al. (2015),0.05,0.1,Q1,I,Manea et al. 2021 unpublished,35,0.5,Q3,1,NZVM (2021),1275,0.5,Q3,NZVM (2021),0,0.55,1
NGRZ,-38.1018,176.1874,20,B,602,0.4175,Q3,Foster et al. (2019) & Perrin et al. (2015),0.05,0.1,Q1,I,Manea et al. 2021 unpublished,45,0.5,Q3,1,NZVM (2021),1825,0.5,Q3,NZVM (2021),0,1,1
NGZ,-39.17558387,175.6011727,161,B,674,0.32,Q3,Foster et al. (2019) & Perrin et al. (2015),0.05,0.1,Q1,I,Manea et al. 2021 unpublished,35,0.5,Q3,1,NZVM (2021),525,0.5,Q3,NZVM (2021),0,0,1
NMEZ,-39.4132,173.8775,8,D,301,0.372,Q3,Foster et al. (2019) & Perrin et al. (2015),0.8,0.1,Q1,I,Manea et al. 2021 unpublished,75,0.5,Q3,1,NZVM (2021),1825,0.5,Q3,NZVM (2021),0,0,1
NMHZ,-39.09705493,176.8065179,3,B,800,0.2,Q3,NSHM 2021,0.05,0.1,Q1,I,Manea et al. 2021 unpublished,65,0.5,Q3,1,NZVM (2021),4625,0.5,Q3,NZVM (2021),0,0.5,0
NNVZ,-39.13173,175.6152667,2,B,679,0.317,Q3,Foster et al. (2019) & Perrin et al. (2015),0.05,0.1,Q1,I,Manea et al. 2021 unpublished,55,0.5,Q3,1,NZVM (2021),1125,0.5,Q3,NZVM (2021),0,0.83,1
NOVZ,-39.126493,175.610657,116,B,679,0.317,Q3,Foster et al. (2019) & Perrin et al. (2015),0.05,0.3,Q3,I,NSHM (2021),45,0.5,Q3,1,NZVM (2021),1175,0.5,Q3,NZVM (2021),0,0,0
NOZ,-38.61623791,178.0369146,463,B,1000,0.2,Q3,NSHM 2021,0.05,0.3,Q3,I,NSHM (2021),15,0.3,Q3,1,NSHM (2021) ,10925,0.5,Q3,NZVM (2021),0,0,0
NRZ,-39.33574321,173.9331616,5,C,286,0.392,Q3,Foster et al. (2019) & Perrin et al. (2015),0.4,0.3,Q3,I,NSHM (2021),65,0.5,Q3,1,NZVM (2021),1525,0.5,Q3,NZVM (2021),0,0,0
NSDF,-45.18306514,167.1002446,429,C,314,0.384,Q3,Foster et al. (2019) & Perrin et al. (2015),0.4,0.3,Q3,I,NSHM (2021),65,0.5,Q3,1,NZVM (2021),375,0.5,Q3,NZVM (2021),0,0,0
NTVZ,-39.0984817,175.6759733,463,B,1000,0.2,Q3,NSHM 2021,0.05,0.1,Q1,I,Manea et al. 2021 unpublished,15,0.3,Q3,1,NSHM (2021) ,1225,0.5,Q3,NZVM (2021),0,0.43,0
NWEZ,-39.27488,173.86743,743,C,339,0.3735,Q3,Foster et al. (2019) & Perrin et al. (2015),0.17,0.1,Q1,I,Manea et al. 2021 unpublished,65,0.5,Q3,1,NZVM (2021),1975,0.5,Q3,NZVM (2021),0,0,1
OGWZ,-40.81668792,175.170301,98,B,1000,0.2,Q3,NSHM 2021,0.05,0.1,Q1,I,Manea et al. 2021 unpublished,15,0.3,Q3,1,NSHM (2021) ,275,0.5,Q3,NZVM (2021),0,0,0
OHWZ,-40.2056,175.3151,459,D,265,0.3585,Q3,Foster et al. (2019) & Perrin et al. (2015),1,0.3,Q3,I,NSHM (2021),65,0.5,Q3,1,NZVM (2021),325,0.5,Q3,NZVM (2021),0,0,1
OIZ,-39.04494075,175.3926807,520,B,675,0.3475,Q3,Foster et al. (2019) & Perrin et al. (2015),0.05,0.1,Q1,I,Manea et al. 2021 unpublished,65,0.5,Q3,1,NZVM (2021),575,0.5,Q3,NZVM (2021),0,0,0
OKCZ,-43.72325,173.05951,703,A,1500,0.2,Q3,NSHM 2021,0.05,0.1,Q1,I,Manea et al. 2021 unpublished,5,0.05,Q3,1,NSHM (2021) ,1975,0.3,Q3,NZVM (2021),0,0,0
OKUC,-43.780667,172.831319,103,A,1500,0.2,Q3,NSHM 2021,0.05,0.1,Q1,I,Manea et al. 2021 unpublished,5,0.3,Q3,1,NZVM (2021),1675,0.3,Q3,NZVM (2021),0,0,0
OMRZ,-38.10621459,176.371696,62,B,612,0.3855,Q3,Foster et al. (2019) & Perrin et al. (2015),0.05,0.1,Q1,I,Manea et al. 2021 unpublished,55,0.5,Q3,1,NZVM (2021),1625,0.5,Q3,NZVM (2021),0,0,1
OPRZ,-37.84430007,176.5549291,429,B,625,0.3655,Q3,Foster et al. (2019) & Perrin et al. (2015),0.05,0.1,Q1,I,Manea et al. 2021 unpublished,45,0.5,Q3,1,NZVM (2021),375,0.5,Q3,NZVM (2021),0,0,0
OTAZ,-36.94940025,174.9248827,104,B,800,0.2,Q3,NSHM 2021,0.05,0.3,Q3,I,NSHM (2021),65,0.5,Q3,1,NZVM (2021),875,0.5,Q3,NZVM (2021),0,0,0
OTVZ,-39.16311376,175.6650736,600,B,679,0.317,Q3,Foster et al. (2019) & Perrin et al. (2015),0.05,0.1,Q1,I,Manea et al. 2021 unpublished,35,0.5,Q3,1,NZVM (2021),1075,0.5,Q3,NZVM (2021),0,0,0
OTW,-41.27578794,175.0043671,11,B,618,0.3635,Q3,Foster et al. (2019) & Perrin et al. (2015),0.05,0.3,Q3,I,NSHM (2021),45,0.5,Q3,1,NZVM (2021),325,0.5,Q3,NZVM (2021),0,0,0
OUZ,-35.21968871,173.5961334,177,B,1000,0.2,Q3,NSHM 2021,0.05,0.1,Q1,I,Manea et al. 2021 unpublished,15,0.3,Q3,1,NSHM (2021) ,275,0.5,Q3,NZVM (2021),1,0,0
PATZ,-38.37952957,176.2584937,17,B,679,0.317,Q3,Foster et al. (2019) & Perrin et al. (2015),0.05,0.3,Q3,I,NSHM (2021),55,0.5,Q3,1,NZVM (2021),2125,0.5,Q3,NZVM (2021),0,0,0
PAWZ,-41.38156135,175.426892,1189,B,622,0.3385,Q3,Foster et al. (2019) & Perrin et al. (2015),0.05,0.1,Q1,I,Manea et al. 2021 unpublished,55,0.5,Q3,1,NZVM (2021),2375,0.5,Q3,NZVM (2021),0,0,0
PKE,-39.19386044,173.9867028,497,B,679,0.317,Q3,Foster et al. (2019) & Perrin et al. (2015),0.05,0.1,Q1,I,Manea et al. 2021 unpublished,65,0.5,Q3,1,NZVM (2021),1525,0.5,Q3,NZVM (2021),0,0,0
PKGZ,-37.8664,178.0805,570,B,604,0.3615,Q3,Foster et al. (2019) & Perrin et al. (2015),0.05,0.1,Q1,I,Manea et al. 2021 unpublished,55,0.5,Q3,1,NZVM (2021),275,0.5,Q3,NZVM (2021),0,0.2,0
PKVZ,-39.2892856,175.3463792,1250,C,317,0.389,Q3,Foster et al. (2019) & Perrin et al. (2015),0.19,0.1,Q1,I,Manea et al. 2021 unpublished,65,0.5,Q3,1,NZVM (2021),875,0.5,Q3,NZVM (2021),0,0,1
PLWZ,-41.56917532,175.254789,72,B,625,0.3655,Q3,Foster et al. (2019) & Perrin et al. (2015),0.05,0.1,Q1,I,Manea et al. 2021 unpublished,55,0.5,Q3,1,NZVM (2021),2975,0.5,Q3,NZVM (2021),0,0,0
PNHZ,-39.91337053,176.1997974,84,B,622,0.3385,Q3,Foster et al. (2019) & Perrin et al. (2015),0.05,0.1,Q1,I,Manea et al. 2021 unpublished,55,0.5,Q3,1,NZVM (2021),325,0.5,Q3,NZVM (2021),0,0,0
POIZ,-38.63056396,176.03423,41,B,590,0.4185,Q3,Foster et al. (2019) & Perrin et al. (2015),0.05,0.1,Q1,I,Manea et al. 2021 unpublished,45,0.5,Q3,1,NZVM (2021),2325,0.5,Q3,NZVM (2021),0,0,1
POWZ,-40.39171988,175.7679902,364,B,800,0.2,Q3,NSHM 2021,0.05,0.1,Q1,I,Manea et al. 2021 unpublished,45,0.5,Q3,1,NZVM (2021),275,0.5,Q3,NZVM (2021),0,0.33,0
PREZ,-39.3421,174.1589,21,C,387,0.3735,Q3,Foster et al. (2019) & Perrin et al. (2015),0.3,0.1,Q1,I,Manea et al. 2021 unpublished,75,0.5,Q3,1,NZVM (2021),3075,0.5,Q3,NZVM (2021),0,0,1
PRGZ,-38.92259366,177.8832817,223,B,1000,0.2,Q3,NSHM 2021,0.05,0.1,Q1,I,Manea et al. 2021 unpublished,15,0.3,Q3,1,NSHM (2021) ,9075,0.5,Q3,NZVM (2021),0,0,0
PRHZ,-40.26636906,176.6351715,21,B,622,0.3385,Q3,Foster et al. (2019) & Perrin et al. (2015),0.05,0.1,Q1,I,Manea et al. 2021 unpublished,65,0.5,Q3,1,NZVM (2021),1825,0.5,Q3,NZVM (2021),0,0.5,0
PRRZ,-38.4971,176.393,2043,C,612,0.3855,Q3,Foster et al. (2019) & Perrin et al. (2015),0.2,0.1,Q1,I,Manea et al. 2021 unpublished,65,0.5,Q3,1,NZVM (2021),1375,0.5,Q3,NZVM (2021),0,0,1
PRSH,-44.10984184,168.9546754,349,B,657,0.358,Q3,Foster et al. (2019) & Perrin et al. (2015),0.05,0.3,Q3,I,NSHM (2021),35,0.5,Q3,1,NZVM (2021),275,0.5,Q3,NZVM (2021),0,0,0
PRWZ,-40.55470391,175.9710121,25,B,622,0.3385,Q3,Foster et al. (2019) & Perrin et al. (2015),0.05,0.1,Q1,I,Manea et al. 2021 unpublished,55,0.5,Q3,1,NZVM (2021),3425,0.5,Q3,NZVM (2021),0,0,0
PURC,-43.652303,172.760482,546,B,612,0.386,Q3,Foster et al. (2019) & Perrin et al. (2015),0.05,0.1,Q1,I,Manea et al. 2021 unpublished,45,0.3,Q3,1,NZVM (2021),1525,0.3,Q3,NZVM (2021),1,0,0
RACZ,-43.72709,172.13956,371,D,473,0.355,Q3,Foster et al. (2019),5.5,0.1,Q1,I,Manea et al. 2021 unpublished,495,0.3,Q3,0,NZVM (2021),1575,0.3,Q3,NZVM (2021),0,0,0
RAEZ,-39.28654331,174.3934674,258,B,622,0.3385,Q3,Foster et al. (2019) & Perrin et al. (2015),0.05,0.3,Q3,I,NSHM (2021),55,0.5,Q3,1,NZVM (2021),3925,0.5,Q3,NZVM (2021),0,0,0
RAGZ,-38.4956,177.4154,184,B,800,0.2,Q3,NSHM 2021,0.05,0.1,Q1,I,Manea et al. 2021 unpublished,45,0.5,Q3,1,NZVM (2021),325,0.5,Q3,NZVM (2021),0,0.2,0
RAHZ,-38.91616189,177.0860219,1410,B,800,0.2,Q3,NSHM 2021,0.05,0.1,Q1,I,Manea et al. 2021 unpublished,55,0.5,Q3,1,NZVM (2021),3075,0.5,Q3,NZVM (2021),0,0,0
RATZ,-38.86649804,175.772176,106,B,657,0.358,Q3,Foster et al. (2019) & Perrin et al. (2015),0.05,0.1,Q1,I,Manea et al. 2021 unpublished,45,0.5,Q3,1,NZVM (2021),1525,0.5,Q3,NZVM (2021),0,0.67,1
RCHC,-43.576415,172.749216,83,B,683,0.304,Q3,Foster et al. (2019) & Perrin et al. (2015),0.05,0.1,Q1,I,Manea et al. 2021 unpublished,65,0.3,Q3,1,NZVM (2021),1775,0.3,Q3,NZVM (2021),0,0.48,0
RF2R,-38.36242918,176.2281934,466,B,675,0.3475,Q3,Foster et al. (2019) & Perrin et al. (2015),0.05,0.3,Q3,I,NSHM (2021),45,0.5,Q3,1,NZVM (2021),1725,0.5,Q3,NZVM (2021),0,0,0
RF3R,-38.35902905,176.201393,646,B,675,0.3475,Q3,Foster et al. (2019) & Perrin et al. (2015),0.05,0.3,Q3,I,NSHM (2021),65,0.5,Q3,1,NZVM (2021),1775,0.5,Q3,NZVM (2021),0,0,0
RF4R,-38.33652856,176.1751928,1066,C,422,0.3545,Q3,Foster et al. (2019) & Perrin et al. (2015),0.4,0.3,Q3,I,NSHM (2021),85,0.5,Q3,1,NZVM (2021),1925,0.5,Q3,NZVM (2021),0,0,0
RF5R,-38.33492845,176.1389924,49,C,306,0.3,Q3,Foster et al. (2019) & Perrin et al. (2015),0.4,0.3,Q3,I,NSHM (2021),65,0.5,Q3,1,NZVM (2021),2025,0.5,Q3,NZVM (2021),0,0,0
RHOC,-43.646078,172.588313,60,B,611,0.3855,Q3,Foster et al. (2019) & Perrin et al. (2015),0.05,0.1,Q1,I,Manea et al. 2021 unpublished,5,0.3,Q3,1,NZVM (2021),1075,0.3,Q3,NZVM (2021),0,0,0
RIGZ,-38.7058,177.7622,104,C,604,0.3615,Q3,Foster et al. (2019) & Perrin et al. (2015),0.15,0.1,Q1,I,Manea et al. 2021 unpublished,65,0.5,Q3,1,NZVM (2021),4825,0.5,Q3,NZVM (2021),0,0,0
RITZ,-38.97715044,175.8584766,347,B,679,0.317,Q3,Foster et al. (2019) & Perrin et al. (2015),0.05,0.1,Q1,I,Manea et al. 2021 unpublished,55,0.5,Q3,1,NZVM (2021),2175,0.5,Q3,NZVM (2021),0,0.13,1
RONF,-44.676153,167.7048547,520,A,1500,0.2,Q3,NSHM 2021,0.05,0.1,Q1,I,Manea et al. 2021 unpublished,5,0.05,Q3,1,NSHM (2021) ,1275,0.5,Q3,NZVM (2021),0,0,0
ROTR,-38.00192301,176.5509985,177,B,679,0.317,Q3,Foster et al. (2019) & Perrin et al. (2015),0.05,0.3,Q3,I,NSHM (2021),35,0.5,Q3,1,NZVM (2021),1075,0.5,Q3,NZVM (2021),0,0,0
RRRZ,-38.33903935,176.5146369,2,B,612,0.3855,Q3,Foster et al. (2019) & Perrin et al. (2015),0.09,0.1,Q1,I,Manea et al. 2021 unpublished,45,0.5,Q3,1,NZVM (2021),1475,0.5,Q3,NZVM (2021),0,0,0
RUGF,-44.7243441,167.6433874,60,A,1500,0.2,Q3,NSHM 2021,0.05,0.1,Q1,I,Manea et al. 2021 unpublished,5,0.05,Q3,1,NSHM (2021) ,1425,0.5,Q3,NZVM (2021),0,0,0
RUGZ,-37.96513,177.67748,385,B,622,0.3385,Q3,Foster et al. (2019) & Perrin et al. (2015),0.035,0.1,Q1,I,Manea et al. 2021 unpublished,35,0.5,Q3,1,NZVM (2021),275,0.5,Q3,NZVM (2021),0,0,0
RVAZ,-36.76999632,174.5791993,221,C,435,0.3825,Q3,Foster et al. (2019) & Perrin et al. (2015),0.4,0.3,Q3,I,NSHM (2021),65,0.5,Q3,1,NZVM (2021),1125,0.5,Q3,NZVM (2021),0,0,0
SAND,-43.56044,172.29766,435,D,500,0.243,Q3,Foster et al. (2019),5.4,0.2,Q2,I,Stolte et al. 2021,505,0.3,Q3,0,NZVM (2021),1375,0.3,Q3,NZVM (2021),0,0,0
SCLF,-45.27056716,166.9727424,346,A,1500,0.2,Q3,NSHM 2021,0.05,0.3,Q3,I,NSHM (2021),5,0.05,Q3,1,NSHM (2021) ,825,0.5,Q3,NZVM (2021),0,0,0
SKTD,-43.6822,172.20151,528,D,500,0.243,Q3,Foster et al. (2019),6,0.2,Q2,I,Stolte et al. 2021,455,0.3,Q3,0,NZVM (2021),1575,0.3,Q3,NZVM (2021),0,0,0
SNGZ,-38.7815,177.3399,399,B,618,0.3635,Q3,Foster et al. (2019) & Perrin et al. (2015),0.05,0.1,Q1,I,Manea et al. 2021 unpublished,65,0.5,Q3,1,NZVM (2021),325,0.5,Q3,NZVM (2021),0,0.28,0
SNVZ,-39.1862267,175.6403333,5,B,657,0.358,Q3,Foster et al. (2019) & Perrin et al. (2015),0.05,0.1,Q1,I,Manea et al. 2021 unpublished,55,0.5,Q3,1,NZVM (2021),825,0.5,Q3,NZVM (2021),0,0.35,0
SPCV,-45.70500609,166.9225235,129,A,1500,0.2,Q3,NSHM 2021,0.05,0.3,Q3,I,NSHM (2021),5,0.05,Q3,1,NSHM (2021) ,1025,0.5,Q3,NZVM (2021),0,0,0
STLD,-43.61084,171.82626,20,D,500,0.243,Q3,Foster et al. (2019),6.3,0.2,Q2,I,Stolte et al. 2021,1145,0.3,Q3,1,NZVM (2021),1825,0.3,Q3,NZVM (2021),0,0,0
TAHR,-37.99622266,176.4388972,310,B,560,0.4565,Q3,Foster et al. (2019) & Perrin et al. (2015),0.05,0.3,Q3,I,NSHM (2021),55,0.5,Q3,1,NZVM (2021),975,0.5,Q3,NZVM (2021),0,0,0
TAMF,-45.42657394,167.7178511,120,D,259,0.2655,Q3,Foster et al. (2019) & Perrin et al. (2015),1.3,0.2,Q2,I,McVerry 2011,75,0.5,Q3,1,NZVM (2021),1325,0.5,Q3,NZVM (2021),0,0,0
TANF,-44.9867539,167.1866309,86,A,1500,0.2,Q3,NSHM 2021,0.05,0.1,Q1,I,Manea et al. 2021 unpublished,5,0.05,Q3,1,NSHM (2021) ,1275,0.5,Q3,NZVM (2021),0,0.2,0
TARZ,-38.23555,176.50585,32,B,674,0.32,Q3,Foster et al. (2019) & Perrin et al. (2015),0.05,0.1,Q1,I,Manea et al. 2021 unpublished,35,0.5,Q3,1,NZVM (2021),2325,0.5,Q3,NZVM (2021),0,0.33,1
TAZ,-38.23122727,176.5079972,87,B,679,0.317,Q3,Foster et al. (2019) & Perrin et al. (2015),0.05,0.3,Q3,I,NSHM (2021),65,0.5,Q3,1,NZVM (2021),2325,0.5,Q3,NZVM (2021),0,0,0
TGRZ,-37.72880729,176.260836,122,B,590,0.4185,Q3,Foster et al. (2019) & Perrin et al. (2015),0.09,0.1,Q1,I,Manea et al. 2021 unpublished,35,0.5,Q3,1,NZVM (2021),525,0.5,Q3,NZVM (2021),0,0.2,1
THOB,-40.78940244,175.0929713,15,D,258,0.3605,Q3,Foster et al. (2019) & Perrin et al. (2015),2.5,0.1,Q1,I,Manea et al. 2021 unpublished,55,0.5,Q3,1,NZVM (2021),275,0.5,Q3,NZVM (2021),0,0,0
THQ2,-38.6684,176.1698,20,B,569,0.442,Q3,Foster et al. (2019) & Perrin et al. (2015),0.05,0.3,Q3,I,NSHM (2021),55,0.5,Q3,1,NZVM (2021),1725,0.5,Q3,NZVM (2021),0,0,0
TIKO,-34.52995663,172.8646676,185,B,1000,0.2,Q3,NSHM 2021,0.05,0.3,Q3,I,NSHM (2021),15,0.3,Q3,1,NSHM (2021) ,275,0.5,Q3,NZVM (2021),0,0,0
TIWZ,-40.77604863,175.8856602,61,B,1000,0.2,Q3,NSHM 2021,0.05,0.1,Q1,I,Manea et al. 2021 unpublished,15,0.3,Q3,1,NSHM (2021) ,375,0.5,Q3,NZVM (2021),0,0,0
TKGZ,-38.4392,177.8485,181,C,389,0.26,Q3,Foster et al. (2019) & Perrin et al. (2015),0.14,0.1,Q1,I,Manea et al. 2021 unpublished,75,0.5,Q3,1,NZVM (2021),2975,0.5,Q3,NZVM (2021),0,0,0
TKNZ,-41.03355,172.96053,345,B,679,0.317,Q3,Foster et al. (2019) & Perrin et al. (2015),0.05,0.1,Q1,I,Manea et al. 2021 unpublished,35,0.5,Q3,1,NZVM (2021),375,0.5,Q3,NZVM (2021),0,0.4,0
TLED,-43.5958,172.20133,100,D,500,0.243,Q3,Foster et al. (2019),6.3,0.2,Q2,I,Stolte et al. 2021,505,0.3,Q3,0,NZVM (2021),1525,0.3,Q3,NZVM (2021),0,0,0
TLZ,-38.3294,175.538,785,B,622,0.3385,Q3,Foster et al. (2019) & Perrin et al. (2015),0.05,0.3,Q3,I,NSHM (2021),45,0.5,Q3,1,NZVM (2021),425,0.5,Q3,NZVM (2021),0,0.35,0
TMVZ,-39.11561,175.704064,2040,B,636,0.3755,Q3,Foster et al. (2019) & Perrin et al. (2015),0.05,0.1,Q1,I,Manea et al. 2021 unpublished,45,0.5,Q3,1,NZVM (2021),1275,0.5,Q3,NZVM (2021),0,0,0
TMWZ,-41.1065961,175.890469,319,B,625,0.3655,Q3,Foster et al. (2019) & Perrin et al. (2015),0.05,0.1,Q1,I,Manea et al. 2021 unpublished,55,0.5,Q3,1,NZVM (2021),5025,0.5,Q3,NZVM (2021),0,0.37,0
TON8,-39.0984817,175.6759733,198,B,1000,0.2,Q3,NSHM 2021,0.05,0.1,Q1,I,Manea et al. 2021 unpublished,15,0.3,Q3,1,NSHM (2021) ,1225,0.5,Q3,NZVM (2021),0,0.43,0
TRVZ,-39.29881626,175.5478216,20,B,603,0.3825,Q3,Foster et al. (2019) & Perrin et al. (2015),0.05,0.1,Q1,I,Manea et al. 2021 unpublished,35,0.5,Q3,1,NZVM (2021),325,0.5,Q3,NZVM (2021),0,0.45,1
TRWZ,-41.39804233,175.6878952,249,B,625,0.3655,Q3,Foster et al. (2019) & Perrin et al. (2015),0.05,0.1,Q1,I,Manea et al. 2021 unpublished,65,0.5,Q3,1,NZVM (2021),5925,0.5,Q3,NZVM (2021),1,0,0
TUVZ,-39.26767586,175.654153,18,C,460,0.3385,Q3,Foster et al. (2019) & Perrin et al. (2015),0.45,0.1,Q1,I,Manea et al. 2021 unpublished,65,0.5,Q3,1,NZVM (2021),1725,0.5,Q3,NZVM (2021),0,0,1
TUWZ,-41.42938895,173.9428929,5,B,1000,0.2,Q3,NSHM 2021,0.05,0.1,Q1,I,Manea et al. 2021 unpublished,15,0.3,Q3,1,NSHM (2021) ,325,0.5,Q3,NZVM (2021),0,0,0
TWGZ,-38.1767,177.9804,540,B,800,0.2,Q3,NSHM 2021,0.05,0.1,Q1,I,Manea et al. 2021 unpublished,65,0.5,Q3,1,NZVM (2021),5075,0.5,Q3,NZVM (2021),0,0.42,0
TWVZ,-39.07074137,175.4376811,146,B,622,0.3385,Q3,Foster et al. (2019) & Perrin et al. (2015),0.07,0.1,Q1,I,Manea et al. 2021 unpublished,55,0.5,Q3,1,NZVM (2021),1075,0.5,Q3,NZVM (2021),0,0,0
UTU,-38.17659,176.1938,5,B,683,0.344,Q3,Foster et al. (2019) & Perrin et al. (2015),0.05,0.1,Q1,I,Manea et al. 2021 unpublished,55,0.5,Q3,1,NZVM (2021),2325,0.5,Q3,NZVM (2021),0,0.71,1
WACZ,-43.9425317,171.839105,36,D,266,0.243,Q3,Foster et al. (2019),5.9,0.1,Q1,I,Manea et al. 2021 unpublished,1135,0.3,Q3,1,NZVM (2021),2225,0.3,Q3,NZVM (2021),0,0,0
WATZ,-38.70793481,175.7331861,178,B,675,0.3475,Q3,Foster et al. (2019) & Perrin et al. (2015),0.05,0.1,Q1,I,Manea et al. 2021 unpublished,45,0.5,Q3,1,NZVM (2021),1725,0.5,Q3,NZVM (2021),0,0,1
WCZ,-35.938642,174.345043,304,B,560,0.344,Q3,Foster et al. (2019) & Perrin et al. (2015),0.05,0.1,Q1,I,Manea et al. 2021 unpublished,45,0.5,Q3,1,NZVM (2021),525,0.5,Q3,NZVM (2021),1,0,0
WHHZ,-39.0768,177.2344,1532,B,617,0.337,Q3,Foster et al. (2019) & Perrin et al. (2015),0.05,0.1,Q1,I,Manea et al. 2021 unpublished,55,0.5,Q3,1,NZVM (2021),5525,0.5,Q3,NZVM (2021),0,0,0
WHRZ,-37.8557,176.9748,323,B,590,0.4185,Q3,Foster et al. (2019) & Perrin et al. (2015),0.05,0.1,Q1,I,Manea et al. 2021 unpublished,5,0.05,Q3,1,NSHM (2021) ,325,0.5,Q3,NZVM (2021),0,1.3,0
WHSZ,-43.29065,170.40645,461,D,316,0.2665,Q3,Foster et al. (2019) & Perrin et al. (2015),1.84,0.1,Q1,I,Manea et al. 2021 unpublished,35,0.5,Q3,1,NZVM (2021),275,0.5,Q3,NZVM (2021),0,0,0
WHTZ,-38.66595448,175.957469,1226,B,679,0.317,Q3,Foster et al. (2019) & Perrin et al. (2015),0.05,0.1,Q1,I,Manea et al. 2021 unpublished,45,0.5,Q3,1,NZVM (2021),2425,0.5,Q3,NZVM (2021),0,0.25,1
WHVZ,-39.2825,175.5886,139,B,675,0.3475,Q3,Foster et al. (2019) & Perrin et al. (2015),0.05,0.1,Q1,I,Manea et al. 2021 unpublished,45,0.5,Q3,1,NZVM (2021),1225,0.5,Q3,NZVM (2021),0,0,0
WIAZ,-36.793,175.1339,114,B,1000,0.2,Q3,NSHM 2021,0.05,0.1,Q1,I,Manea et al. 2021 unpublished,15,0.3,Q3,1,NSHM (2021) ,925,0.5,Q3,NZVM (2021),0,0.31,0
WIZ,-37.52451054,177.1893019,164,C,364,0.3615,Q3,Foster et al. (2019) & Perrin et al. (2015),0.14,0.1,Q1,I,Manea et al. 2021 unpublished,65,0.5,Q3,1,NZVM (2021),75,0.5,Q3,NZVM (2021),0,0,0
WMGZ,-37.8191,178.4149,263,B,625,0.3655,Q3,Foster et al. (2019) & Perrin et al. (2015),0.05,0.1,Q1,I,Manea et al. 2021 unpublished,65,0.5,Q3,1,NZVM (2021),7275,0.5,Q3,NZVM (2021),0,0.17,0
WNVZ,-39.32697695,175.5978621,358,B,674,0.32,Q3,Foster et al. (2019) & Perrin et al. (2015),0.05,0.1,Q1,I,Manea et al. 2021 unpublished,45,0.5,Q3,1,NZVM (2021),1475,0.5,Q3,NZVM (2021),0,1,1
WPHZ,-40.06426428,176.4405598,194,B,622,0.3385,Q3,Foster et al. (2019) & Perrin et al. (2015),0.05,0.1,Q1,I,Manea et al. 2021 unpublished,65,0.5,Q3,1,NZVM (2021),2275,0.5,Q3,NZVM (2021),1,0,0
WPRZ,-38.5196,176.1624,1161,B,603,0.3825,Q3,Foster et al. (2019) & Perrin et al. (2015),0.05,0.1,Q1,I,Manea et al. 2021 unpublished,45,0.5,Q3,1,NZVM (2021),1875,0.5,Q3,NZVM (2021),0,0.67,0
WPVZ,-39.20400432,175.5459219,82,B,679,0.317,Q3,Foster et al. (2019) & Perrin et al. (2015),0.05,0.1,Q1,I,Manea et al. 2021 unpublished,55,0.5,Q3,1,NZVM (2021),575,0.5,Q3,NZVM (2021),0,0.2,1
WSRZ,-37.51811,177.177805,255,B,1000,0.2,Q3,NSHM 2021,0.05,0.1,Q1,I,Manea et al. 2021 unpublished,15,0.3,Q3,1,NSHM (2021) ,75,0.5,Q3,NZVM (2021),0,0.4,0
WTAZ,-36.93241912,174.5733686,95,B,1000,0.2,Q3,NSHM 2021,0.05,0.3,Q3,I,NSHM (2021),15,0.3,Q3,1,NSHM (2021) ,1125,0.5,Q3,NZVM (2021),0,0,0
WTVZ,-39.11525262,175.5896928,88,B,679,0.317,Q3,Foster et al. (2019) & Perrin et al. (2015),0.05,0.1,Q1,I,Manea et al. 2021 unpublished,55,0.5,Q3,1,NZVM (2021),1225,0.5,Q3,NZVM (2021),0,0.83,1
ZIHA,-43.88533622,169.0497779,54,A,1500,0.2,Q3,NSHM 2021,0.05,0.3,Q3,I,NSHM (2021),5,0.05,Q3,1,NSHM (2021) ,325,0.5,Q3,NZVM (2021),0,0,0
AC3A,-42.08760253,173.1663401,981,B,800,0.2,Q3,NSHM 2021,0.05,0.1,Q1,I,Manea et al. 2021 unpublished,55,0.5,Q3,1,NZVM (2021),375,0.5,Q3,NZVM (2021),0,0,0
AKUS,-36.85315821,174.7704513,30,B,800,0.2,Q3,NSHM 2021,0.05,0.3,Q3,I,NSHM (2021),55,0.5,Q3,1,NZVM (2021),1175,0.5,Q3,NZVM (2021),0,0,0
ALLC,-38.41692854,175.473484,573,B,590,0.4185,Q3,Foster et al. (2019) & Perrin et al. (2015),0.05,0.3,Q3,I,NSHM (2021),45,0.5,Q3,1,NZVM (2021),475,0.5,Q3,NZVM (2021),0,0,0
ARPC,-38.15022384,175.6571872,171,C,518,0.321,Q3,Foster et al. (2019),0.4,0.3,Q3,I,NSHM (2021),65,0.5,Q3,1,NZVM (2021),725,0.5,Q3,NZVM (2021),0,0,0
AWAC,-39.77625932,176.9823976,81,C,343,0.2595,Q3,Foster et al. (2019) & Perrin et al. (2015),0.4,0.3,Q3,I,NSHM (2021),95,0.5,Q3,1,NZVM (2021),7225,0.5,Q3,NZVM (2021),0,0,0
BGLC,-38.30442701,175.7579878,297,B,597,0.4005,Q3,Foster et al. (2019) & Perrin et al. (2015),0.05,0.3,Q3,I,NSHM (2021),55,0.5,Q3,1,NZVM (2021),2125,0.5,Q3,NZVM (2021),0,0,0
BLUC,-39.48795315,176.9134978,48,C,501,0.2675,Q3,Foster et al. (2019) & Perrin et al. (2015),0.4,0.3,Q3,I,NSHM (2021),105,0.5,Q3,1,NZVM (2021),6675,0.5,Q3,NZVM (2021),0,0,0
BNDC,-38.52023032,175.3756824,329,B,567,0.355,Q3,Foster et al. (2019) & Perrin et al. (2015),0.05,0.3,Q3,I,NSHM (2021),55,0.5,Q3,1,NZVM (2021),375,0.5,Q3,NZVM (2021),0,0,0
BOWS,-41.279193,174.776323,8,D,267,0.1945,Q3,Foster et al. (2019) & Perrin et al. (2015),0.62,0.2,Q2,I,Kaiser et al. 2019,65,0.1,Q2,1,Hill et al. (2021),325,0.3,Q3,NZVM (2021),0,0,0
CKCJ,-44.09484044,168.6253712,69,B,603,0.3825,Q3,Foster et al. (2019) & Perrin et al. (2015),0.05,0.3,Q3,I,NSHM (2021),35,0.5,Q3,1,NZVM (2021),325,0.5,Q3,NZVM (2021),0,0,0
CREC,-39.7960594,176.8248956,101,B,800,0.2,Q3,NSHM 2021,0.05,0.3,Q3,I,NSHM (2021),95,0.5,Q3,1,NZVM (2021),5175,0.5,Q3,NZVM (2021),0,0,0
ECLS,-37.68883,178.54816,142,B,622,0.3385,Q3,Foster et al. (2019) & Perrin et al. (2015),0.05,0.1,Q1,I,Manea et al. 2021 unpublished,85,0.5,Q3,1,NZVM (2021),9225,0.5,Q3,NZVM (2021),0,0.357142857,0
EDAS,-37.97767,176.83222,3,D,166,0.24,Q3,Foster et al. (2019) & Perrin et al. (2015),2,0.3,Q3,I,NSHM (2021),85,0.5,Q3,1,NZVM (2021),1125,0.5,Q3,NZVM (2021),0,0,0
ELAC,-39.31654925,176.7398963,284,B,622,0.3385,Q3,Foster et al. (2019) & Perrin et al. (2015),0.05,0.3,Q3,I,NSHM (2021),85,0.5,Q3,1,NZVM (2021),5725,0.5,Q3,NZVM (2021),0,0,0
ESKC,-39.33795003,176.8981981,42,B,587,0.364,Q3,Foster et al. (2019) & Perrin et al. (2015),0.05,0.3,Q3,I,NSHM (2021),75,0.5,Q3,1,NZVM (2021),5975,0.5,Q3,NZVM (2021),0,0,0
EWZ,-43.51003172,170.8526034,651,B,622,0.3385,Q3,Foster et al. (2019) & Perrin et al. (2015),0.05,0.3,Q3,I,NSHM (2021),55,0.5,Q3,1,NZVM (2021),275,0.5,Q3,NZVM (2021),0,0,0
FRBF,-45.34086872,166.8500403,713,A,1500,0.2,Q3,NSHM 2021,0.05,0.3,Q3,I,NSHM (2021),5,0.05,Q3,1,NSHM (2021) ,975,0.5,Q3,NZVM (2021),0,0,0
GLNS,-44.86441,168.40646,408,C,397,0.3345,Q3,Foster et al. (2019) & Perrin et al. (2015),0.4,0.3,Q3,I,NSHM (2021),65,0.3,Q3,1,NZVM (2021),275,0.3,Q3,NZVM (2021),0,0,0
GMFS,-42.457849,171.2043,12,D,215,0.221,Q3,Foster et al. (2019) & Perrin et al. (2015),1,0.3,Q3,I,NSHM (2021),75,0.5,Q3,1,NZVM (2021),1475,0.5,Q3,NZVM (2021),0,0,0
GPSS,-41.23663683,174.9147161,9,D,240,0.2055,Q3,Foster et al. (2019) & Perrin et al. (2015),1,0.3,Q3,I,NSHM (2021),65,0.3,Q3,1,NZVM (2021),275,0.3,Q3,NZVM (2021),0,0,0
GR1A,-41.89549899,173.5828463,522,C,313,0.3585,Q3,Foster et al. (2019) & Perrin et al. (2015),0.4,0.3,Q3,I,NSHM (2021),55,0.5,Q3,1,NZVM (2021),875,0.5,Q3,NZVM (2021),0,0,0
GR5A,-41.89299896,173.5933465,518,B,560,0.344,Q3,Foster et al. (2019) & Perrin et al. (2015),0.05,0.3,Q3,I,NSHM (2021),65,0.5,Q3,1,NZVM (2021),825,0.5,Q3,NZVM (2021),0,0,0
GREC,-38.92274245,177.2919044,128,B,567,0.355,Q3,Foster et al. (2019) & Perrin et al. (2015),0.05,0.3,Q3,I,NSHM (2021),55,0.5,Q3,1,NZVM (2021),3325,0.5,Q3,NZVM (2021),0,0,0
HBHS,-37.785638,175.295136,39,D,182,0.1,Q1,Cave (2020),3.2,0.02,Q1,I,Cave (2020),396,0.1,Q2,1,Cave (2020),975,0.3,Q3,NZVM (2021),0,0,0
KAPS,-36.82229752,174.7036606,96,B,1000,0.2,Q3,NSHM 2021,0.05,0.1,Q1,I,Manea et al. 2021 unpublished,15,0.3,Q3,1,NSHM (2021) ,1225,0.5,Q3,NZVM (2021),0,0.46,0
KARC,-38.92774077,176.4556941,757,C,597,0.4005,Q3,Foster et al. (2019) & Perrin et al. (2015),0.2,0.1,Q1,I,Manea et al. 2021 unpublished,45,0.5,Q3,1,NZVM (2021),625,0.5,Q3,NZVM (2021),0,0,0
KIDC,-39.64195668,177.0693992,68,C,555,0.3565,Q3,Foster et al. (2019) & Perrin et al. (2015),0.4,0.3,Q3,I,NSHM (2021),95,0.5,Q3,1,NZVM (2021),7125,0.5,Q3,NZVM (2021),0,0,0
KIWC,-38.57193264,175.9568893,609,B,636,0.3755,Q3,Foster et al. (2019) & Perrin et al. (2015),0.05,0.3,Q3,I,NSHM (2021),55,0.5,Q3,1,NZVM (2021),2475,0.5,Q3,NZVM (2021),0,0,0
KNGC,-38.75853695,176.2479922,680,B,569,0.442,Q3,Foster et al. (2019) & Perrin et al. (2015),0.05,0.3,Q3,I,NSHM (2021),65,0.5,Q3,1,NZVM (2021),875,0.5,Q3,NZVM (2021),0,0,0
KONC,-39.45825192,176.6254943,183,B,1000,0.2,Q3,NSHM 2021,0.05,0.3,Q3,I,NSHM (2021),15,0.3,Q3,1,NSHM (2021) ,5225,0.5,Q3,NZVM (2021),0,0,0
KOTC,-38.89294234,177.5240074,50,B,560,0.344,Q3,Foster et al. (2019) & Perrin et al. (2015),0.05,0.3,Q3,I,NSHM (2021),65,0.5,Q3,1,NZVM (2021),6625,0.5,Q3,NZVM (2021),0,0,0
LAHV,-39.47075013,175.6954828,850,B,567,0.355,Q3,Foster et al. (2019) & Perrin et al. (2015),0.05,0.3,Q3,I,NSHM (2021),65,0.5,Q3,1,NZVM (2021),275,0.5,Q3,NZVM (2021),0,0,0
LATK,-39.38404884,175.9181859,1270,B,625,0.3655,Q3,Foster et al. (2019) & Perrin et al. (2015),0.05,0.3,Q3,I,NSHM (2021),55,0.5,Q3,1,NZVM (2021),1425,0.5,Q3,NZVM (2021),0,0,0
LBST,-39.16524564,176.4938938,689,B,717,0.2985,Q3,Foster et al. (2019) & Perrin et al. (2015),0.05,0.3,Q3,I,NSHM (2021),55,0.5,Q3,1,NZVM (2021),1425,0.5,Q3,NZVM (2021),0,0,0
LCRO,-39.23204722,176.5993948,426,B,618,0.3635,Q3,Foster et al. (2019) & Perrin et al. (2015),0.05,0.3,Q3,I,NSHM (2021),55,0.5,Q3,1,NZVM (2021),1725,0.5,Q3,NZVM (2021),0,0,0
LDEN,-38.48793064,175.7948876,435,B,590,0.4185,Q3,Foster et al. (2019) & Perrin et al. (2015),0.05,0.3,Q3,I,NSHM (2021),55,0.5,Q3,1,NZVM (2021),1675,0.5,Q3,NZVM (2021),0,0,0
LGDS,-39.26854879,176.9859995,32,B,587,0.364,Q3,Foster et al. (2019) & Perrin et al. (2015),0.05,0.3,Q3,I,NSHM (2021),95,0.5,Q3,1,NZVM (2021),6025,0.5,Q3,NZVM (2021),0,0,0
LGLS,-39.1007449,176.7554972,519,B,625,0.3655,Q3,Foster et al. (2019) & Perrin et al. (2015),0.05,0.3,Q3,I,NSHM (2021),55,0.5,Q3,1,NZVM (2021),3675,0.5,Q3,NZVM (2021),0,0,0
LICJ,-44.16354273,168.7763728,92,C,271,0.2705,Q3,Foster et al. (2019) & Perrin et al. (2015),0.4,0.3,Q3,I,NSHM (2021),55,0.5,Q3,1,NZVM (2021),275,0.5,Q3,NZVM (2021),0,0,0
LJAI,-38.60443502,176.7551989,358,B,617,0.337,Q3,Foster et al. (2019) & Perrin et al. (2015),0.05,0.3,Q3,I,NSHM (2021),75,0.5,Q3,1,NZVM (2021),1075,0.5,Q3,NZVM (2021),0,0,0
LKMJ,-44.04033928,168.7168727,20,B,557,0.385,Q3,Foster et al. (2019) & Perrin et al. (2015),0.05,0.3,Q3,I,NSHM (2021),55,0.5,Q3,1,NZVM (2021),325,0.5,Q3,NZVM (2021),0,0,0
LKOW,-39.33954921,176.4996932,424,B,560,0.344,Q3,Foster et al. (2019) & Perrin et al. (2015),0.05,0.3,Q3,I,NSHM (2021),65,0.5,Q3,1,NZVM (2021),1225,0.5,Q3,NZVM (2021),0,0,0
LLRC,-38.03602213,175.85849,160,B,597,0.4005,Q3,Foster et al. (2019) & Perrin et al. (2015),0.05,0.3,Q3,I,NSHM (2021),35,0.5,Q3,1,NZVM (2021),1175,0.5,Q3,NZVM (2021),0,0,0
LMAN,-39.55945283,176.0813872,709,B,555,0.359,Q3,Foster et al. (2019) & Perrin et al. (2015),0.05,0.3,Q3,I,NSHM (2021),55,0.5,Q3,1,NZVM (2021),975,0.5,Q3,NZVM (2021),0,0,0
LMAT,-39.67905578,176.2871893,521,B,567,0.355,Q3,Foster et al. (2019) & Perrin et al. (2015),0.05,0.3,Q3,I,NSHM (2021),55,0.5,Q3,1,NZVM (2021),1225,0.5,Q3,NZVM (2021),0,0,0
LMAU,-38.9127415,176.9365001,191,B,560,0.344,Q3,Foster et al. (2019) & Perrin et al. (2015),0.05,0.3,Q3,I,NSHM (2021),55,0.5,Q3,1,NZVM (2021),1875,0.5,Q3,NZVM (2021),0,0,0
LMOT,-39.58525285,175.8489842,525,B,604,0.3615,Q3,Foster et al. (2019) & Perrin et al. (2015),0.05,0.3,Q3,I,NSHM (2021),55,0.5,Q3,1,NZVM (2021),375,0.5,Q3,NZVM (2021),0,0,0
LMOW,-39.40694894,175.7534837,806,B,679,0.317,Q3,Foster et al. (2019) & Perrin et al. (2015),0.05,0.3,Q3,I,NSHM (2021),55,0.5,Q3,1,NZVM (2021),325,0.5,Q3,NZVM (2021),0,0,0
LOCC,-38.86823941,176.3739933,720,C,562,0.453,Q3,Foster et al. (2019) & Perrin et al. (2015),0.45,0.1,Q1,I,Manea et al. 2021 unpublished,65,0.5,Q3,1,NZVM (2021),725,0.5,Q3,NZVM (2021),0,0,0
LOKS,-42.01157,173.48244,1607,C,412,0.3385,Q3,Foster et al. (2019) & Perrin et al. (2015),0.4,0.3,Q3,I,NSHM (2021),55,0.5,Q3,1,NZVM (2021),2025,0.5,Q3,NZVM (2021),0,0.8,0
LOPO,-39.14294585,176.8006976,526,B,567,0.355,Q3,Foster et al. (2019) & Perrin et al. (2015),0.05,0.3,Q3,I,NSHM (2021),65,0.5,Q3,1,NZVM (2021),4675,0.5,Q3,NZVM (2021),0,0,0
LOTA,-38.72773707,176.5829964,757,B,679,0.317,Q3,Foster et al. (2019) & Perrin et al. (2015),0.05,0.3,Q3,I,NSHM (2021),55,0.5,Q3,1,NZVM (2021),1275,0.5,Q3,NZVM (2021),0,0,0
LPAP,-39.19774717,176.9013987,193,B,560,0.344,Q3,Foster et al. (2019) & Perrin et al. (2015),0.05,0.3,Q3,I,NSHM (2021),95,0.5,Q3,1,NZVM (2021),5175,0.5,Q3,NZVM (2021),0,0,0
LPEN,-39.55545174,175.6284816,690,B,622,0.3385,Q3,Foster et al. (2019) & Perrin et al. (2015),0.05,0.3,Q3,I,NSHM (2021),55,0.5,Q3,1,NZVM (2021),325,0.5,Q3,NZVM (2021),0,0,0
LPIH,-38.97404309,177.104902,285,B,800,0.2,Q3,NSHM 2021,0.05,0.3,Q3,I,NSHM (2021),55,0.5,Q3,1,NZVM (2021),4225,0.5,Q3,NZVM (2021),0,0,0
LPOR,-39.00704198,176.2834917,682,B,679,0.317,Q3,Foster et al. (2019) & Perrin et al. (2015),0.05,0.3,Q3,I,NSHM (2021),45,0.5,Q3,1,NZVM (2021),775,0.5,Q3,NZVM (2021),0,0,0
LRAN,-39.475751,176.037987,589,C,306,0.3,Q3,Foster et al. (2019) & Perrin et al. (2015),0.4,0.3,Q3,I,NSHM (2021),55,0.5,Q3,1,NZVM (2021),575,0.5,Q3,NZVM (2021),0,0,0
LROS,-39.04774425,176.9551999,280,B,567,0.355,Q3,Foster et al. (2019) & Perrin et al. (2015),0.05,0.3,Q3,I,NSHM (2021),65,0.5,Q3,1,NZVM (2021),3925,0.5,Q3,NZVM (2021),0,0,0
LS16,-39.23244542,175.7776847,930,C,460,0.3385,Q3,Foster et al. (2019) & Perrin et al. (2015),0.4,0.3,Q3,I,NSHM (2021),75,0.5,Q3,1,NZVM (2021),1675,0.5,Q3,NZVM (2021),0,0,0
LS25,-39.07854247,175.8531862,549,B,679,0.317,Q3,Foster et al. (2019) & Perrin et al. (2015),0.05,0.3,Q3,I,NSHM (2021),55,0.5,Q3,1,NZVM (2021),1825,0.5,Q3,NZVM (2021),0,0,0
LTAT,-39.04244342,176.6148957,523,B,587,0.364,Q3,Foster et al. (2019) & Perrin et al. (2015),0.05,0.3,Q3,I,NSHM (2021),65,0.5,Q3,1,NZVM (2021),1325,0.5,Q3,NZVM (2021),0,0,0
LTIM,-39.40945009,176.2459898,781,B,622,0.3385,Q3,Foster et al. (2019) & Perrin et al. (2015),0.05,0.3,Q3,I,NSHM (2021),65,0.5,Q3,1,NZVM (2021),1275,0.5,Q3,NZVM (2021),0,0,0
LWAI,-38.70703771,177.0735025,616,B,567,0.355,Q3,Foster et al. (2019) & Perrin et al. (2015),0.05,0.3,Q3,I,NSHM (2021),55,0.5,Q3,1,NZVM (2021),375,0.5,Q3,NZVM (2021),0,0,0
LWHI,-38.83103913,176.5879961,899,B,679,0.317,Q3,Foster et al. (2019) & Perrin et al. (2015),0.05,0.3,Q3,I,NSHM (2021),45,0.5,Q3,1,NZVM (2021),1575,0.5,Q3,NZVM (2021),0,0,0
LWON,-39.46244979,175.6189819,765,B,800,0.2,Q3,NSHM 2021,0.05,0.3,Q3,I,NSHM (2021),65,0.5,Q3,1,NZVM (2021),775,0.5,Q3,NZVM (2021),0,0,0
LWTT,-39.53625305,176.3996913,341,B,560,0.344,Q3,Foster et al. (2019) & Perrin et al. (2015),0.05,0.3,Q3,I,NSHM (2021),55,0.5,Q3,1,NZVM (2021),1375,0.5,Q3,NZVM (2021),0,0,0
MAGS,-36.88533866,174.7260406,31,C,584,0.2,Q3,NSHM 2021,0.4,0.3,Q3,I,NSHM (2021),55,0.5,Q3,1,NZVM (2021),1075,0.5,Q3,NZVM (2021),0,0,0
MAHC,-39.08104685,177.8849112,36,B,567,0.355,Q3,Foster et al. (2019) & Perrin et al. (2015),0.05,0.3,Q3,I,NSHM (2021),95,0.5,Q3,1,NZVM (2021),9475,0.5,Q3,NZVM (2021),0,0,0
MATS,-41.42895,172.7037,314,B,622,0.3385,Q3,Foster et al. (2019) & Perrin et al. (2015),0.05,0.1,Q1,I,Manea et al. 2021 unpublished,55,0.5,Q3,1,NZVM (2021),1825,0.5,Q3,NZVM (2021),0,0.8,0
MIMC,-38.65153629,176.9194008,403,B,619,0.3635,Q3,Foster et al. (2019) & Perrin et al. (2015),0.05,0.3,Q3,I,NSHM (2021),45,0.5,Q3,1,NZVM (2021),825,0.5,Q3,NZVM (2021),0,0,0
MPGJ,-44.11714077,168.53987,129,C,459,0.3295,Q3,Foster et al. (2019) & Perrin et al. (2015),0.4,0.3,Q3,I,NSHM (2021),55,0.5,Q3,1,NZVM (2021),375,0.5,Q3,NZVM (2021),0,0,0
MTNF,-45.14716395,167.0418441,912,A,1500,0.2,Q3,NSHM 2021,0.05,0.3,Q3,I,NSHM (2021),5,0.05,Q3,1,NSHM (2021) ,1225,0.5,Q3,NZVM (2021),0,0,0
MUSJ,-44.10134092,168.7247725,20,C,245,0.257,Q3,Foster et al. (2019) & Perrin et al. (2015),0.4,0.3,Q3,I,NSHM (2021),65,0.5,Q3,1,NZVM (2021),325,0.5,Q3,NZVM (2021),0,0,0
ONEC,-39.23524996,177.8785106,181,B,617,0.337,Q3,Foster et al. (2019) & Perrin et al. (2015),0.05,0.3,Q3,I,NSHM (2021),115,0.5,Q3,1,NZVM (2021),9925,0.5,Q3,NZVM (2021),0,0,0
ONIS,-39.39082404,173.8128499,38,D,287,0.389,Q3,Foster et al. (2019) & Perrin et al. (2015),1,0.3,Q3,I,NSHM (2021),75,0.5,Q3,1,NZVM (2021),1875,0.5,Q3,NZVM (2021),0,0,0
OPHC,-39.61525498,176.5296926,170,C,472,0.2605,Q3,Foster et al. (2019) & Perrin et al. (2015),0.4,0.3,Q3,I,NSHM (2021),95,0.5,Q3,1,NZVM (2021),4575,0.5,Q3,NZVM (2021),0,0,0
ORPS,-46.286797,167.76512,73,B,1000,0.2,Q3,NSHM 2021,0.05,0.3,Q3,I,NSHM (2021),15,0.3,Q3,1,NSHM (2021) ,525,0.5,Q3,NZVM (2021),0,0,0
PAHZ,-38.85744065,177.0544017,561,B,1000,0.2,Q3,NSHM 2021,0.05,0.3,Q3,I,NSHM (2021),15,0.3,Q3,1,NSHM (2021) ,1775,0.5,Q3,NZVM (2021),0,0,0
PARZ,-37.73191741,176.2901963,137,B,679,0.317,Q3,Foster et al. (2019) & Perrin et al. (2015),0.05,0.3,Q3,I,NSHM (2021),35,0.5,Q3,1,NZVM (2021),525,0.5,Q3,NZVM (2021),0,0,0
PKRC,-38.48072993,175.5404846,601,B,560,0.4565,Q3,Foster et al. (2019) & Perrin et al. (2015),0.05,0.3,Q3,I,NSHM (2021),55,0.5,Q3,1,NZVM (2021),1225,0.5,Q3,NZVM (2021),0,0,0
PLRC,-38.33072745,175.7271874,242,B,683,0.344,Q3,Foster et al. (2019) & Perrin et al. (2015),0.05,0.3,Q3,I,NSHM (2021),65,0.5,Q3,1,NZVM (2021),1925,0.5,Q3,NZVM (2021),0,0,0
POHC,-38.98374208,176.543895,639,B,675,0.3475,Q3,Foster et al. (2019) & Perrin et al. (2015),0.05,0.1,Q1,I,Manea et al. 2021 unpublished,55,0.5,Q3,1,NZVM (2021),1725,0.5,Q3,NZVM (2021),0,0.5,0
POIC,-38.63073396,176.03439,567,B,590,0.4185,Q3,Foster et al. (2019) & Perrin et al. (2015),0.05,0.3,Q3,I,NSHM (2021),45,0.5,Q3,1,NZVM (2021),2325,0.5,Q3,NZVM (2021),0,0,0
PRNS,-43.704499,169.472766,29,D,217,0.2225,Q3,Foster et al. (2019) & Perrin et al. (2015),1,0.3,Q3,I,NSHM (2021),65,0.5,Q3,1,NZVM (2021),325,0.5,Q3,NZVM (2021),0,0,0
PTHS,-36.97564058,174.871872,21,C,428,0.392,Q3,Foster et al. (2019) & Perrin et al. (2015),0.4,0.3,Q3,I,NSHM (2021),65,0.5,Q3,1,NZVM (2021),1025,0.5,Q3,NZVM (2021),0,0,0
RAHC,-39.06154517,177.2619036,21,C,343,0.2595,Q3,Foster et al. (2019) & Perrin et al. (2015),0.4,0.3,Q3,I,NSHM (2021),85,0.5,Q3,1,NZVM (2021),5475,0.5,Q3,NZVM (2021),0,0,0
RANC,-39.93696213,176.7064936,149,B,560,0.344,Q3,Foster et al. (2019) & Perrin et al. (2015),0.05,0.3,Q3,I,NSHM (2021),55,0.5,Q3,1,NZVM (2021),3475,0.5,Q3,NZVM (2021),0,0,0
RERV,-38.31822884,176.4621964,498,B,590,0.4185,Q3,Foster et al. (2019) & Perrin et al. (2015),0.05,0.3,Q3,I,NSHM (2021),65,0.5,Q3,1,NZVM (2021),1725,0.5,Q3,NZVM (2021),0,0,0
RLNS,-45.6876,166.68593,1058,A,1500,0.2,Q3,NSHM 2021,0.05,0.1,Q1,I,Manea et al. 2021 unpublished,5,0.05,Q3,1,NSHM (2021) ,1175,0.5,Q3,NZVM (2021),0,0,0
ROTC,-39.00954458,177.4780064,59,B,567,0.355,Q3,Foster et al. (2019) & Perrin et al. (2015),0.05,0.3,Q3,I,NSHM (2021),65,0.5,Q3,1,NZVM (2021),8275,0.5,Q3,NZVM (2021),0,0,0
ROTS,-38.135724,176.255191,284,D,264,0.353,Q3,Foster et al. (2019) & Perrin et al. (2015),1,0.3,Q3,I,NSHM (2021),95,0.5,Q3,1,NZVM (2021),2475,0.5,Q3,NZVM (2021),0,0,0
RTKC,-38.82123835,176.3198928,700,C,560,0.4565,Q3,Foster et al. (2019) & Perrin et al. (2015),0.3,0.1,Q1,I,Manea et al. 2021 unpublished,65,0.5,Q3,1,NZVM (2021),1125,0.5,Q3,NZVM (2021),0,0,0
SCHC,-38.42902935,175.7309871,244,B,590,0.4185,Q3,Foster et al. (2019) & Perrin et al. (2015),0.05,0.3,Q3,I,NSHM (2021),55,0.5,Q3,1,NZVM (2021),1575,0.5,Q3,NZVM (2021),0,0,0
SCTS,-45.265788,166.951482,1177,A,1500,0.2,Q3,NSHM 2021,0.05,0.3,Q3,I,NSHM (2021),5,0.05,Q3,1,NSHM (2021) ,1325,0.5,Q3,NZVM (2021),0,0,0
SDNS,-41.66382069,174.1372917,95,D,292,0.2675,Q3,Foster et al. (2019) & Perrin et al. (2015),2,0.3,Q3,I,NSHM (2021),685,0.3,Q3,1,NZVM (2021),2175,0.3,Q3,NZVM (2021),0,0,0
SIZ,-46.87341722,168.1330472,1,B,674,0.32,Q3,Foster et al. (2019) & Perrin et al. (2015),0.05,0.3,Q3,I,NSHM (2021),75,0.5,Q3,1,NZVM (2021),425,0.5,Q3,NZVM (2021),0,0,0
TA1S,-37.88878134,176.7575114,5,D,247,0.2505,Q3,Foster et al. (2019) & Perrin et al. (2015),1,0.3,Q3,I,NSHM (2021),65,0.5,Q3,1,NZVM (2021),375,0.5,Q3,NZVM (2021),0,0,0
TA2S,-37.8591406,176.6688805,48,B,622,0.3385,Q3,Foster et al. (2019) & Perrin et al. (2015),0.05,0.3,Q3,I,NSHM (2021),65,0.5,Q3,1,NZVM (2021),375,0.5,Q3,NZVM (2021),0,0,0
TA3S,-37.92803202,176.730881,65,B,612,0.3855,Q3,Foster et al. (2019) & Perrin et al. (2015),0.05,0.3,Q3,I,NSHM (2021),45,0.5,Q3,1,NZVM (2021),425,0.5,Q3,NZVM (2021),0,0,0
TACS,-37.54197259,175.6928098,12,D,263,0.3565,Q3,Foster et al. (2019) & Perrin et al. (2015),2,0.3,Q3,I,NSHM (2021),615,0.3,Q3,1,NZVM (2021),1075,0.3,Q3,NZVM (2021),0,0,0
TAPC,-38.8295403,177.149403,234,B,800,0.2,Q3,NSHM 2021,0.05,0.3,Q3,I,NSHM (2021),45,0.5,Q3,1,NZVM (2021),1825,0.5,Q3,NZVM (2021),0,0,0
TARC,-39.66775649,176.7254948,37,B,567,0.355,Q3,Foster et al. (2019) & Perrin et al. (2015),0.05,0.3,Q3,I,NSHM (2021),65,0.5,Q3,1,NZVM (2021),3675,0.5,Q3,NZVM (2021),0,0,0
TAUC,-38.69703549,176.1368911,557,C,391,0.3585,Q3,Foster et al. (2019) & Perrin et al. (2015),0.18,0.1,Q1,I,Manea et al. 2021 unpublished,85,0.5,Q3,1,NZVM (2021),1975,0.5,Q3,NZVM (2021),0,0,0
TEAC,-39.91046209,176.9498967,55,B,567,0.355,Q3,Foster et al. (2019) & Perrin et al. (2015),0.05,0.3,Q3,I,NSHM (2021),105,0.5,Q3,1,NZVM (2021),7425,0.5,Q3,NZVM (2021),0,0,0
TENS,-42.21496,172.79019,1807,B,800,0.2,Q3,NSHM 2021,0.05,0.1,Q1,I,Manea et al. 2021 unpublished,45,0.5,Q3,1,NZVM (2021),325,0.5,Q3,NZVM (2021),0,0.5,0
TETC,-38.53153165,175.8663883,520,B,597,0.4005,Q3,Foster et al. (2019) & Perrin et al. (2015),0.05,0.3,Q3,I,NSHM (2021),65,0.5,Q3,1,NZVM (2021),1525,0.5,Q3,NZVM (2021),0,0,0
TITC,-39.83155958,176.5589922,257,B,555,0.359,Q3,Foster et al. (2019) & Perrin et al. (2015),0.05,0.3,Q3,I,NSHM (2021),75,0.5,Q3,1,NZVM (2021),2475,0.5,Q3,NZVM (2021),0,0,0
TLBF,-44.98736001,167.187247,942,A,1500,0.2,Q3,NSHM 2021,0.05,0.3,Q3,I,NSHM (2021),5,0.05,Q3,1,NSHM (2021) ,1275,0.5,Q3,NZVM (2021),0,0,0
TRUC,-39.49945194,176.2431894,424,B,618,0.3635,Q3,Foster et al. (2019) & Perrin et al. (2015),0.05,0.3,Q3,I,NSHM (2021),45,0.5,Q3,1,NZVM (2021),875,0.5,Q3,NZVM (2021),0,0,0
TTH,-39.53955404,176.8263965,122,B,622,0.3385,Q3,Foster et al. (2019) & Perrin et al. (2015),0.05,0.3,Q3,I,NSHM (2021),85,0.5,Q3,1,NZVM (2021),5875,0.5,Q3,NZVM (2021),0,0,0
TUIC,-38.8295403,177.149703,230,B,800,0.2,Q3,NSHM 2021,0.05,0.3,Q3,I,NSHM (2021),45,0.5,Q3,1,NZVM (2021),1825,0.5,Q3,NZVM (2021),0,0,0
TUKC,-38.64573426,176.03299,521,B,657,0.358,Q3,Foster et al. (2019) & Perrin et al. (2015),0.05,0.3,Q3,I,NSHM (2021),55,0.5,Q3,1,NZVM (2021),2275,0.5,Q3,NZVM (2021),0,0,0
VEGH,-43.98383851,168.9536761,132,C,350,0.3345,Q3,Foster et al. (2019) & Perrin et al. (2015),0.4,0.3,Q3,I,NSHM (2021),45,0.5,Q3,1,NZVM (2021),325,0.5,Q3,NZVM (2021),0,0,0
WAHZ,-39.69745632,176.3554901,663,B,622,0.3385,Q3,Foster et al. (2019) & Perrin et al. (2015),0.05,0.3,Q3,I,NSHM (2021),55,0.5,Q3,1,NZVM (2021),1975,0.5,Q3,NZVM (2021),0,0,0
WAIC,-38.36492793,175.6471863,344,B,750,0.2,Q3,Perrin et al. (2015),0.05,0.3,Q3,I,NSHM (2021),45,0.5,Q3,1,NZVM (2021),1475,0.5,Q3,NZVM (2021),0,0,0
WBHS,-35.71495819,174.31694,20,B,800,0.2,Q3,NSHM 2021,0.05,0.3,Q3,I,NSHM (2021),2,0.01,Q1,1,SI Data (2021),325,0.5,Q3,NZVM (2021),0,0,0
WCFS,-41.29315,174.7847889,2,C,349,0.105,Q3,Foster et al. (2019),0.24,0.2,Q2,I,Kaiser et al. 2019,7,0.1,Q2,1,Hill et al. (2021),325,0.3,Q3,NZVM (2021),0,0,0
WDSZ,-43.293605,170.406412,100,C,298,0.3435,Q3,Foster et al. (2019) & Perrin et al. (2015),0.117647059,0.2,Q2,I,Manea et al. 2021 unpublished,35,0.5,Q3,1,NZVM (2021),275,0.5,Q3,NZVM (2021),0,0,0
WFES,-41.283734,174.776347,2,C,378,0.098,Q3,Foster et al. (2019),0.2,0.2,Q2,I,Kaiser et al. 2019,12,0.1,Q2,1,Hill et al. (2021),325,0.3,Q3,NZVM (2021),0,0,0
WMSZ,-43.283787,170.394076,96,C,268,0.3435,Q3,Foster et al. (2019) & Perrin et al. (2015),0.4,0.3,Q3,I,NSHM (2021),65,0.5,Q3,1,NZVM (2021),275,0.5,Q3,NZVM (2021),0,0,0
WPSZ,-43.284165,170.412318,97,D,297,0.301,Q3,Foster et al. (2019) & Perrin et al. (2015),1.9,0.1,Q1,I,Manea et al. 2021 unpublished,65,0.5,Q3,1,NZVM (2021),275,0.5,Q3,NZVM (2021),0,0,0
WRAS,-41.59547737,173.586376,509,B,622,0.3385,Q3,Foster et al. (2019) & Perrin et al. (2015),0.05,0.1,Q1,I,Manea et al. 2021 unpublished,35,0.5,Q3,1,NZVM (2021),275,0.5,Q3,NZVM (2021),0,0.45,0
WTAC,-39.12954618,177.0849012,64,B,618,0.3635,Q3,Foster et al. (2019) & Perrin et al. (2015),0.05,0.3,Q3,I,NSHM (2021),65,0.5,Q3,1,NZVM (2021),5675,0.5,Q3,NZVM (2021),0,0,0
WTES,-41.281576,174.774191,21,C,334,0.3555,Q3,Foster et al. (2019) & Perrin et al. (2015),0.09,0.2,Q2,I,Kaiser et al. 2019,7,0.1,Q2,1,Hill et al. (2021),325,0.5,Q3,NZVM (2021),0,0,0
WTSZ,-43.302,170.412,107,D,326,0.273,Q3,Foster et al. (2019) & Perrin et al. (2015),1.79,0.1,Q1,I,Manea et al. 2021 unpublished,45,0.5,Q3,1,NZVM (2021),275,0.5,Q3,NZVM (2021),0,0,0
WTYS,-41.29543,174.78126,5,D,230,0.1545,Q3,Foster et al. (2019) & Perrin et al. (2015),0.8,0.1,Q1,I,Manea et al. 2021 unpublished,49,0.1,Q2,1,Hill et al. (2021),325,0.3,Q3,NZVM (2021),0,0,0
WVZS,-43.0747203,170.7359041,87,B,1000,0.2,Q3,NSHM 2021,0.05,0.3,Q3,I,NSHM (2021),5,0.05,Q3,1,NSHM (2021) ,275,0.5,Q3,NZVM (2021),0,0,0
YUPC,-38.31572676,175.5504853,545,B,590,0.4185,Q3,Foster et al. (2019) & Perrin et al. (2015),0.05,0.1,Q1,I,Manea et al. 2021 unpublished,45,0.5,Q3,1,NZVM (2021),425,0.5,Q3,NZVM (2021),0,0,0
AWRB,-41.658785,174.076946,57,C,215,0.221,Q3,Foster et al. (2019) & Perrin et al. (2015),0.55,0.1,Q1,I,Manea et al. 2021 unpublished,50,0.1,Q3,1,SI Data (2021),2025,0.3,Q3,NZVM (2021),0,0,0
BBCX,-41.3312558,174.8289281,124,B,624,0.3655,Q3,Foster et al. (2019) & Perrin et al. (2015),0.05,0.1,Q1,I,Manea et al. 2021 unpublished,45,0.5,Q3,1,NZVM (2021),325,0.5,Q3,NZVM (2021),0,0.25,0
CSCP,-41.7497,174.02863,329,B,625,0.3655,Q3,Foster et al. (2019) & Perrin et al. (2015),0.06,0.1,Q1,I,Manea et al. 2021 unpublished,55,0.5,Q3,1,NZVM (2021),1375,0.5,Q3,NZVM (2021),0,0,0
CSOY,-41.3113,174.10864,245,B,675,0.3475,Q3,Foster et al. (2019) & Perrin et al. (2015),0.05,0.3,Q3,I,NSHM (2021),35,0.5,Q3,1,NZVM (2021),375,0.5,Q3,NZVM (2021),0,0,0
CSSR,-41.6058,173.83516,374,B,1000,0.2,Q3,NSHM 2021,0.05,0.1,Q1,I,Manea et al. 2021 unpublished,15,0.3,Q3,1,NSHM (2021) ,375,0.5,Q3,NZVM (2021),0,0.17,0
CSWB,-41.57143,174.12668,268,B,622,0.3385,Q3,Foster et al. (2019) & Perrin et al. (2015),0.05,0.1,Q1,I,Manea et al. 2021 unpublished,55,0.3,Q3,1,NZVM (2021),2775,0.3,Q3,NZVM (2021),0,0.4,0
OWQX,-41.3451433,174.7455233,119,B,625,0.3655,Q3,Foster et al. (2019) & Perrin et al. (2015),0.05,0.1,Q1,I,Manea et al. 2021 unpublished,35,0.5,Q3,1,NZVM (2021),325,0.5,Q3,NZVM (2021),0,0,0
SM1F,-42.0605,173.41415,1063,B,1000,0.2,Q3,NSHM 2021,0.05,0.3,Q3,I,NSHM (2021),15,0.3,Q3,1,NSHM (2021) ,1325,0.5,Q3,NZVM (2021),0,0,0
THLX,-41.2741233,174.770385,174,B,583,0.345,Q3,Foster et al. (2019) & Perrin et al. (2015),0.05,0.3,Q3,I,NSHM (2021),35,0.5,Q3,1,NZVM (2021),325,0.5,Q3,NZVM (2021),0,0.32,0
CPLB,-41.278806,174.78209,2,D,244,0.01,Q1,Stolte et al. 2023 unpublished,1.21,0.11,Q1,Ma,Kaiser et al. 2019,247,0.1,Q2,1,Hill et al. (2021),325,0.3,Q3,NZVM (2021),0,0,0
